species,spp,genus,sp.ep,past_survey,current_survey,seed.mix,family
Acer_negundo,ACENEG,Acer,negundo,yes,yes,no,Sapindaceae
Acer_rubrum,ACERUB,Acer,rubrum,no,yes,no,Sapindaceae
Acer_saccharum,ACESAC,Acer,saccharum,no,yes,no,Sapindaceae
Achillea_millefolium,ACHMIL,Achillea,millefolium,yes,no,yes,Asteraceae
Actaea_pachypoda,ACTPAC,Actaea,pachypoda,yes,no,no,Ranunculaceae
Actaea_racemosa,NA,NA,NA,no,no,yes,Ranunculaceae
Actaea_rubra,ACTRUB,Actaea,rubra,yes,yes,no,Ranunculaceae
Adiantum_pedatum,ADIPED,Adiantum,pedatum,no,yes,no,Pteridaceae
Agastache_foeniculum,NA,NA,NA,no,no,yes,Lamiaceae
Agastache_nepetoides,NA,NA,NA,no,no,yes,Lamiaceae
Agastache_scrophulariifolia,NA,NA,NA,no,no,yes,Lamiaceae
Ageratina_altissima,AGEALT,Ageratina,altissima,no,yes,yes,Asteraceae
Agrimonia_gryposepala,AGRGRY,Agrimonia,gryposepala,yes,yes,no,Rosaceae
Agrostis_perennans,NA,NA,NA,no,no,yes,Poaceae
Alliaria_petiolata,ALLPET,Alliaria,petiolata,no,yes,no,Brassicaceae
Allium_canadense,NA,NA,NA,no,no,yes,Amaryllidaceae
Allium_cernuum,NA,NA,NA,no,no,yes,Amaryllidaceae
Amaranthus_blitoides,AMABLI,Amaranthus,blitoides,no,yes,no,Amaranthaceae
Ambrosia_artemisiifolia,AMBART,Ambrosia,artemisiifolia,yes,yes,no,Asteraceae
Ambrosia_psilostachya,AMBPSI,Ambrosia,psilostachya,yes,no,no,Asteraceae
Amelanchier_sp,AMESPP,Amelanchier,spp.,yes,yes,no,Rosaceae
Amorpha_canescens,AMOCAN,Amorpha,canescens,yes,yes,yes,Fabaceae
Amphicarpaea_bracteata,AMPBRA,Amphicarpaea,bracteata,yes,yes,no,Fabaceae
Andropogon_gerardii,ANDGER,Andropogon,gerardii,yes,yes,yes,Poaceae
Anemone_canadensis,NA,NA,NA,no,no,yes,Ranunculaceae
Anemone_cylindrica,ANECYL,Anemone,cylindrica,yes,no,yes,Ranunculaceae
Anemone_patens,ANEPAT,Anemone,patens,yes,no,no,Ranunculaceae
Anemone_quinquefolia,ANEQUI,Anemone,quinquefolia,yes,yes,no,Ranunculaceae
Anemone_virginiana,ANEVIR,Anemone,virginiana,yes,yes,yes,Ranunculaceae
Antennaria_sp,ANTSPP,Antennaria,spp.,yes,yes,no,Asteraceae
Apocynum_androsaemifolium,APOAND,Apocynum,androsaemifolium,yes,no,no,Apocynaceae
Apocynum_cannabinum,APOCAN,Apocynum,cannabinum,no,yes,no,Apocynaceae
Aquilegia_canadensis,AQUCAN,Aquilegia,canadensis,yes,yes,yes,Ranunculaceae
Arabidopsis_lyrata,ARBLYR,Arabidopsis,lyrata,yes,no,no,Brassicaceae
Aralia_nudicaulis,ARANUD,Aralia,nudicaulis,yes,yes,no,Araliaceae
Arctium_minus,ARCMIN,Arctium,minus,no,yes,no,Asteraceae
Arisaema_triphyllum,ARITRI,Arisaema,triphyllum,yes,yes,yes,Araceae
Arnoglossum_atriplicifolium,ARNATR,Arnoglossum,atriplicifolium,yes,no,yes,Asteraceae
Arnoglossum_reniforme,NA,NA,NA,no,no,yes,Asteraceae
Artemisia_campestris,ARTCAM,Artemisia,campestris,yes,no,no,Asteraceae
Artemisia_ludoviciana,NA,NA,NA,no,no,yes,Asteraceae
Asclepias_exaltata,ASCEXA,Asclepias,exaltata,no,yes,no,Apocynaceae
Asclepias_incarnata,NA,NA,NA,no,no,yes,Apocynaceae
Asclepias_sullivantii,ASCSUL,Asclepias,sullivantii,no,yes,no,Apocynaceae
Asclepias_syriaca,ASCSYR,Asclepias,syriaca,yes,no,yes,Apocynaceae
Asclepias_tuberosa,NA,NA,NA,no,no,yes,Apocynaceae
Asclepias_verticillata,ASCVER,Asclepias,verticillata,yes,no,no,Apocynaceae
Asparagus_officinalis,ASPOFF,Asparagus,officinalis,yes,yes,no,Asparagaceae
Astragalus_canadensis,NA,NA,NA,no,no,yes,Fabaceae
Athyrium_filix-femina,ATHFIL,Athyrium,filix-femina,yes,yes,no,Woodsiaceae
Aureolaria_sp,AURSPP,Aureolaria,spp.,yes,no,no,Orobanchaceae
Aureolaria_grandiflora,NA,NA,NA,no,no,yes,Orobanchaceae
Baptisia_australis,NA,NA,NA,no,no,yes,Fabaceae
Baptisia_bracteata,BAPBRA,Baptisia,bracteata,yes,no,no,Fabaceae
Baptisia_lactea,NA,NA,NA,no,no,yes,Fabaceae
Berberis_thunbergii,BERTHU,Berberis,thunbergii,no,yes,no,Berberidaceae
Bidens_sp,BIDSPP,Bidens,spp.,yes,yes,no,Asteraceae
Blephilia_hirsuta,NA,NA,NA,no,no,yes,Lamiaceae
Boltonia_asteroides,NA,NA,NA,no,no,yes,Asteraceae
Botrychium_multifidum,SCEMUL,Sceptridium,multifidium,yes,no,no,Ophioglossaceae
Botrychium_virginianum,BTPVIR,Botrypus,virginianus,yes,yes,no,Ophioglossaceae
Bouteloua_curtipendula,BOUCUR,Bouteloua,curtipendula,yes,yes,yes,Poaceae
Brickellia_eupatorioides,BRIEUP,Brickellia,eupatorioides,yes,no,yes,Asteraceae
Bromus_sp,BROSPP,Bromus,spp.,yes,yes,no,Poaceae
Bromus_ciliatus,NA,NA,NA,no,no,yes,Poaceae
Bromus_kalmii,NA,NA,NA,no,no,yes,Poaceae
Bromus_latiglumis,NA,NA,NA,no,no,yes,Poaceae
Bromus_pubescens,NA,NA,NA,no,no,yes,Poaceae
Calamagrostis_canadensis,CALCAN,Calamagrostis,canadensis,yes,no,no,Poaceae
Calystegia_sepium,CALSEP,Calystegia,sepium,yes,no,no,Convolvulaceae
Camassia_scilloides,NA,NA,NA,no,no,yes,Asparagaceae
Campanula_americana,CAMAME,Campanula,americana,no,yes,yes,Campanulaceae
Campanula_rotundifolia,CAMROT,Campanula,rotundifolia,yes,no,no,Campanulaceae
Capnoides_sempervirens,CORSEM,Corydalis,sempervirens,yes,no,no,Papaveraceae
Carex_sp,CARSPP,Carex,spp.,yes,yes,no,Cyperaceae
Carex_bicknellii,NA,NA,NA,no,no,yes,Cyperaceae
Carex_brevior,NA,NA,NA,no,no,yes,Cyperaceae
Carex_grisea,NA,NA,NA,no,no,yes,Cyperaceae
Carex_molesta,NA,NA,NA,no,no,yes,Cyperaceae
Carex_normalis,NA,NA,NA,no,no,yes,Cyperaceae
Carex_radiata,NA,NA,NA,no,no,yes,Cyperaceae
Carex_sprengelii,NA,NA,NA,no,no,yes,Cyperaceae
Carya_cordiformis,CARCOR,Carya,cordiformis,no,yes,no,Juglandaceae
Carya_ovata,CAROVA,Carya,ovata,yes,yes,no,Juglandaceae
Caulophyllum_thalictroides,CAUTHA,Caulophyllum,thalictroides,no,yes,no,Berberidaceae
Ceanothus_americanus,CEAAME,Ceanothus,americanus,yes,no,yes,Rhamnaceae
Celastrus_orbiculatus,CELORB,Celastrus,orbiculatus,no,yes,no,Celastraceae
Celastrus_scandens,CELSCA,Celastrus,scandens,yes,yes,yes,Celastraceae
Celtis_occidentalis,CELOCC,Celtis,occidentalis,no,yes,no,Cannabaceae
Chamaecrista_fasciculata,NA,NA,NA,no,no,yes,Fabaceae
Chenopodium_album,CHEALB,Chenopodium,album,no,yes,no,Amaranthaceae
Chondrosum_gracile,NA,NA,NA,no,no,yes,Poaceae
Chondrosum_hirsutum,BOUHIR,Bouteloua,hirsuta,yes,no,no,Poaceae
Circaea_lutetiana,CIRLUT,Circaea,lutetiana,yes,yes,no,Onagraceae
Cirsium_canescens,CIRCAN,Cirsium,canescens,yes,no,no,Asteraceae
Cirsium_discolor,CIRDIS,Cirsium,discolor,yes,no,no,Asteraceae
Clematis_virginiana,CLEVIR,Clematis,virginiana,no,yes,yes,Ranunculaceae
Comandra_umbellata,COMUMB,Comandra,umbellata,yes,yes,no,Santalaceae
Coreopsis_lanceolata,NA,NA,NA,no,no,yes,Asteraceae
Coreopsis_palmata,CORPAL,Coreopsis,palmata,yes,no,yes,Asteraceae
Coreopsis_tripteris,NA,NA,NA,no,no,yes,Asteraceae
Cornus_alternifolia,CORALT,Cornus,alternifolia,no,yes,no,Cornaceae
Cornus_racemosa,CORRAC,Cornus,racemosa,yes,yes,no,Cornaceae
Cornus_rugosa,CORRUG,Cornus,rugosa,yes,no,no,Cornaceae
Crataegus_sp,CRASPP,Crataegus,spp.,yes,no,no,Rosaceae
Crocanthemum_canadense,HELCAN,Helianthemum,canadense,yes,no,no,Cistaceae
Cryptotaenia_canadensis,CRYCAN,Cryptotaenia,canadensis,yes,yes,no,Apiaceae
Cystopteris_bulbifera,CYSBUL,Cystopteris,bulbifera,no,yes,no,Cystopteridaceae
Cystopteris_fragilis,CYSFRA,Cystopteris,fragilis,yes,no,no,Cystopteridaceae
Dalea_candida,DALCAN,Dalea,candida,yes,no,yes,Fabaceae
Dalea_purpurea,DALPUR,Dalea,purpurea,yes,no,yes,Fabaceae
Danthonia_spicata,DANSPI,Danthonia,spicata,yes,no,yes,Poaceae
Daucus_carota,DAUCAR,Daucus,carota,no,yes,no,Apiaceae
Desmodium_glutinosum,DESGLU,Desmodium,glutinosum,yes,yes,yes,Fabaceae
Desmodium_illinoense,DESILL,Desmodium,illinoense,yes,no,yes,Fabaceae
Desmodium_canadense,DESCAN,Desmodium,canadense,yes,no,yes,Fabaceae
Diarrhena_americana,NA,NA,NA,no,no,yes,Poaceae
Diarrhena_obovata,NA,NA,NA,no,no,yes,Poaceae
Dioscorea_villosa,DIOVIL,Dioscorea,villosa,yes,yes,no,Dioscoreaceae
Dodecatheon_meadia,DODMEA,Dodecatheon,meadia,yes,no,yes,Primulaceae
Dryopteris_expansa,DRYEXP,Dryopteris,expansa,no,yes,no,Dryopteridaceae
Dryopteris_marginalis,DRYMAR,Dryopteris,marginalis,yes,no,no,Dryopteridaceae
Echinacea_pallida,NA,NA,NA,no,no,yes,Asteraceae
Echinacea_purpurea,NA,NA,NA,no,no,yes,Asteraceae
Elymus_canadensis,ELYCAN,Elymus,canadensis,yes,no,yes,Poaceae
Elymus_elymoides,ELYHYS,Elymus,hystrix,yes,yes,yes,Poaceae
Elymus_trachycaulus,ELYTRA,Elymus,trachycaulus,yes,no,no,Poaceae
Elymus_villosus,NA,NA,NA,no,no,yes,Poaceae
Elymus_virginicus,ELYVIR,Elymus,virginicus,no,yes,yes,Poaceae
Epilobium_angustifolium,NA,NA,NA,no,no,yes,Onagraceae
Epipactis_helleborine,EPIHEL,Epipactis,helleborine,no,yes,no,Orchidaceae
Equisetum_sp,EQUSPP,Equisetum,spp.,yes,no,no,Equisetaceae
Erechtites_hieraciifolius,EREHIE,Erechtites,hieraciifolia,yes,yes,no,Asteraceae
Erigeron_annuus,ERIANN,Erigeron,annuus,no,yes,no,Asteraceae
Erigeron_strigosus,ERISTR,Erigeron,strigosus,yes,no,no,Asteraceae
Eryngium_yuccifolium,ERYYUC,Eryngium,yuccifolium,yes,no,no,Apiaceae
Euonymus_europaeus,EUOEUR,Euonymus,europaeus,no,yes,no,Celastraceae
Eupatorium_altissimum,NA,NA,NA,no,no,yes,Asteraceae
Eupatorium_purpureum,EUTPUR,Eutrochium,purpureum,no,yes,yes,Asteraceae
Euphorbia_corollata,EUPCOR,Euphorbia,corollata,yes,yes,yes,Euphorbiaceae
Eurybia_macrophylla,NA,NA,NA,no,no,yes,Asteraceae
Euthamia_graminifolia,EUTGRA,Euthamia,graminifolia,yes,no,yes,Asteraceae
Fallopia_convolvulus,POLCON,Polygonum,convolvulus,yes,no,no,Polygonaceae
Festuca_sp,FESSPP,Festuca,spp.,no,yes,no,Poaceae
Festuca_subverticillata,NA,NA,NA,no,no,yes,Poaceae
Fragaria_vesca,FRAVES,Fragaria,vesca,no,yes,no,Rosaceae
Fragaria_virginiana,FRAVIR,Fragaria,virginiana,yes,yes,no,Rosaceae
Frangula_alnus,FRAALN,Frangula,alnus,no,yes,no,Rhamnaceae
Fraxinus_americana,FRAAME,Fraxinus,americana,no,yes,no,Oleaceae
Fraxinus_pennsylvanica,FRAPEN,Fraxinus,pennsylvanica,no,yes,no,Oleaceae
Galium_boreale,GALBOR,Galium,boreale,yes,yes,no,Rubiaceae
Galium_circaezans,GALCIR,Galium,circaenzans,no,yes,no,Rubiaceae
Galium_concinnum,GALCON,Galium,concinnum,yes,yes,no,Rubiaceae
Galium_trifidum,GALTRI,Galium,trifidum,yes,yes,no,Rubiaceae
Gaura_biennis,NA,NA,NA,no,no,yes,Onagraceae
Gaylussacia_baccata,GAYBAC,Gaylussacia,baccata,no,yes,no,Ericaceae
Gentiana_alba,NA,NA,NA,no,no,yes,Gentianaceae
Geranium_maculatum,GERMAC,Geranium,maculatum,yes,yes,yes,Geraniaceae
Geum_aleppicum,GEUALE,Geum,aleppicum,yes,no,no,Rosaceae
Geum_canadense,GEUCAN,Geum,canadense,no,yes,no,Rosaceae
Geum_triflorum,GEUTRI,Geum,triflorum,yes,no,no,Rosaceae
Glyceria_striata,NA,NA,NA,no,no,yes,Poaceae
Hackelia_virginiana,HACVIR,Hackelia,virginiana,no,yes,no,Boraginaceae
Helianthemum_sp,HELSPP,Helianthemum,spp.,yes,no,no,Cistaceae
Helianthus_grosseserratus,HELGRO,Helianthus,grosseserratus,yes,yes,no,Asteraceae
Helianthus_maximiliani,NA,NA,NA,no,no,yes,Asteraceae
Helianthus_occidentalis,HELOCC,Helianthus,occidentalis,yes,no,no,Asteraceae
Helianthus_pauciflorus,HELPAU,Helianthus,pauciflorus,yes,no,yes,Asteraceae
Helianthus_strumosus,HELSTR,Helianthus,strumosus,yes,yes,yes,Asteraceae
Heliopsis_helianthoides,HELHEL,Heliopsis,helianthoides,yes,yes,yes,Asteraceae
Hepatica_nobilis,HEPNOB,Hepatica,nobilis,yes,no,no,Ranunculaceae
Heuchera_richardsonii,HEURIC,Heuchera,richardsonii,yes,yes,no,Saxifragaceae
Hieracium_longipilum,HIELON,Hieracium,longipilum,yes,no,no,Asteraceae
Hieracium_umbellatum,HIEUMB,Hieracium,umbellatum,no,yes,no,Asteraceae
Hypericum_ascyron,NA,NA,NA,no,no,yes,Hypericaceae
Hypoxis_hirsuta,HYPHIR,Hypoxis,hirsuta,yes,no,no,Hypoxidaceae
Hystrix_patula,NA,NA,NA,no,no,yes,Poaceae
Impatiens_capensis,IMPCAP,Impatiens,capensis,no,yes,no,Balsaminaceae
Ionactis_linariifolius,IONLIN,Ionactis,linariifolius,yes,no,no,Asteraceae
Juglans_nigra,JUGNIG,Juglans,nigra,no,yes,no,Juglandaceae
Juncus_dudleyi,NA,NA,NA,no,no,yes,Juncaceae
Juncus_tenuis,NA,NA,NA,no,no,yes,Juncaceae
Juniperus_horizontalis,JUNHOR,Juniperus,horizontalis,yes,no,no,Cupressaceae
Juniperus_virginiana,JUNVIR,Juniperus,virginiana,yes,yes,no,Cupressaceae
Koeleria_macrantha,KOEMAC,Koeleria,macrantha,yes,no,no,Poaceae
Krigia_biflora,KRIBIF,Krigia,biflora,yes,no,no,Asteraceae
Lactuca_ludoviciana,LACLUD,Lactuca,ludoviciana,yes,no,no,Asteraceae
Lactuca_sp,LACSPP,Lactuca,spp.,yes,yes,no,Asteraceae
Laportea_canadensis,LAPCAN,Laportea,canadensis,no,yes,no,Urticaceae
Lathyrus_ochroleucus,LATOCH,Lathyrus,ochroleucus,yes,no,no,Fabaceae
Lathyrus_palustris,LATPAL,Lathyrus,palustris,yes,no,no,Fabaceae
Lathyrus_venosus,LATVEN,Lathyrus,venosus,yes,no,no,Fabaceae
Lechea_tenuifolia,LECTEN,Lechea,tenuifolia,yes,no,no,Cistaceae
Leersia_virginica,LEEVIR,Leersia,virginica,no,yes,no,Poaceae
Leonurus_cardiaca,LEOCAR,Leonurus,cardiaca,no,yes,no,Lamiaceae
Lespedeza_sp,NA,NA,NA,no,no,yes,Fabaceae
Lespedeza_capitata,LESCAP,Lespedeza,capitata,yes,no,yes,Fabaceae
Liatris_aspera,NA,NA,NA,no,no,yes,Asteraceae
Liatris_sp,LIASPP,Liatris,spp.,yes,no,no,Asteraceae
Linum_sulcatum,LINSUL,Linum,sulcatum,yes,no,no,Linaceae
Liparis_liliifolia,LIPLIL,Liparis,liliifolia,yes,no,no,Orchidaceae
Lithospermum_canescens,LITCAN,Lithospermum,canescens,yes,no,no,Boraginaceae
Lithospermum_caroliniense,LITCAR,Lithospermum,caroliniense,yes,no,no,Boraginaceae
Lithospermum_incisum,LITINC,Lithospermum,incisum,yes,no,no,Boraginaceae
Lobelia_siphilitica,NA,NA,NA,no,no,yes,Campanulaceae
Lobelia_spicata,LOBSPI,Lobelia,spicata,yes,no,no,Campanulaceae
Lonicera_bella,LONBEL,Lonicera,bella,no,yes,no,Caprifoliaceae
Lonicera_dioica,LONDIO,Lonicera,dioica,yes,no,no,Caprifoliaceae
Lonicera_maackii,LONMAA,Lonicera,maackii,no,yes,no,Caprifoliaceae
Lonicera_oblongifolia,LONOBL,Lonicera,oblongifolia,yes,no,no,Caprifoliaceae
Lonicera_reticulata,LONRET,Lonicera,reticulata,yes,no,no,Caprifoliaceae
Lotus_corniculatus,LOTCOR,Lotus,corniculatus,no,yes,no,Fabaceae
Lupinus_perennis,LUPPER,Lupinus,perennis,yes,yes,yes,Fabaceae
Lysimachia_ciliata,LYSCIL,Lysimachia,ciliata,yes,no,no,Primulaceae
Lysimachia_quadriflora,LYSQQQ,Lysimachia,quadriflora,yes,yes,no,Primulaceae
Maianthemum_canadense,MAICAN,Maianthemum,canadense,no,yes,no,Asparagaceae
Maianthemum_racemosum,MAIRAC,Maianthemum,racemosum,yes,yes,yes,Asparagaceae
Maianthemum_stellatum,MAISTE,Maianthemum,stellatum,yes,yes,no,Asparagaceae
Melilotus_officinalis,MELALB,Melilotus,alba,yes,no,no,Fabaceae
Menispermum_canadense,MENCAN,Menispermum,canadense,no,yes,no,Menispermaceae
Mimulus_ringens,NA,NA,NA,no,no,yes,Phrymaceae
Minuartia_michauxii,MINMIC,Minuartia,michauxii,yes,no,no,Caryophyllaceae
Moehringia_lateriflora,MOELAT,Moehringia,lateriflora,yes,no,no,Caryophyllaceae
Monarda_fistulosa,MONFIS,Monarda,fistulosa,yes,yes,yes,Lamiaceae
Monarda_punctata,MONPUN,Monarda,punctata,yes,no,yes,Lamiaceae
Monotropa_uniflora,MONUNI,Monotropa,uniflora,yes,yes,no,Ericaceae
Morus_alba,MORALB,Morus,alba,no,yes,no,Moraceae
Muhlenbergia_sp,MUHSPP,Muhlenbergia,spp.,yes,no,no,Poaceae
Muhlenbergia_glomerata,MUHGLO,Muhlenbergia,glomerata,no,yes,no,Poaceae
Muhlenbergia_mexicana,NA,NA,NA,no,no,yes,Poaceae
Nabalus_albus,PREALB,Prenanthes,alba,yes,yes,no,Asteraceae
Nabalus_racemosus,PRERAC,Prenanthes,racemosa,yes,no,no,Asteraceae
Napaea_dioica,NA,NA,NA,no,no,yes,Malvaceae
Oenothera_biennis,OENBIE,Oenothera,biennis,yes,no,yes,Onagraceae
Opuntia_humifusa,OPUHUM,Opuntia,humifusa,yes,no,no,Cactaceae
Orobanche_uniflora,OROUNI,Orobanche,uniflora,yes,no,no,Orobanchaceae
Osmorhiza_aristata,NA,NA,NA,no,no,no,Apiaceae
Osmorhiza_longistylis,OSMLON,Osmorhiza,longistylis,no,yes,no,Apiaceae
Osmorhiza_claytonii,NA,NA,NA,no,no,yes,Apiaceae
Osmunda_claytoniana,OSUCLA,Osmunda,claytoniana,no,yes,no,Osmundaceae
Ostrya_virginiana,OSTVIR,Ostrya,virginiana,no,yes,no,Betulaceae
Oxalis_stricta,OXASTR,Oxalis,stricta,no,yes,no,Oxalidaceae
Oxalis_violacea,OXAVIO,Oxalis,violacea,yes,no,no,Oxalidaceae
Oxypolis_rigidior,OXYRIG,Oxypolis,rigidior,yes,no,no,Apiaceae
Panax_trifolius,PANTRI,Panax,trifolius,yes,no,no,Araliaceae
Panicum_acuminatum,DICACU,Dichanthelium,acuminatum,yes,yes,no,Poaceae
Panicum_leibergii,DICLEI,Dichanthelium,leibergii,yes,no,no,Poaceae
Panicum_linearifolium,DICLIN,Dichanthelium,linearifolium,yes,no,no,Poaceae
Panicum_oligosanthes,DICOLI,Dichanthelium,oligosanthes,yes,yes,no,Poaceae
Panicum_virgatum,NA,NA,NA,no,no,yes,Poaceae
Parietaria_pensylvanica,PARPEN,Parietaria,pensylvanica,yes,no,no,Urticaceae
Parthenocissus_quinquefolia,PARQUI,Parthenocissus,quinquefolia,yes,yes,no,Vitaceae
Pedicularis_canadensis,PEDCAN,Pedicularis,canadensis,yes,no,no,Orobanchaceae
Pellaea_atropurpurea,PELATR,Pellaea,atropurpurea,yes,no,no,Pteridaceae
Penstemon_digitalis,NA,NA,NA,no,no,yes,Plantaginaceae
Penstemon_gracilis,NA,NA,NA,no,no,yes,Plantaginaceae
Penstemon_grandiflorus,NA,NA,NA,no,no,yes,Plantaginaceae
Penstemon_hirsutus,NA,NA,NA,no,no,yes,Plantaginaceae
Penstemon_spectabilis,NA,NA,NA,no,no,yes,Plantaginaceae
Persicaria_virginiana,NA,NA,NA,no,no,yes,Polygonaceae
Phalaris_arundinacea,PHAARU,Phalaris,arundinacea,no,yes,no,Poaceae
Phemeranthus_rugospermus,PHERUG,Phemeranthus,rugospermus,yes,no,no,Montiaceae
Phlox_pilosa,PHLPIL,Phlox,pilosa,yes,no,no,Polemoniaceae
Phryma_leptostachya,PHRLEP,Phryma,leptostachya,yes,yes,no,Phrymaceae
Physalis_sp,PHYSPP,Physalis,spp.,no,yes,no,Solanaceae
Physalis_virginiana,PHYVIR,Physalis,virginiana,yes,no,no,Solanaceae
Physocarpus_opulifolius,PHYOPU,Physocarpus,opulifolius,no,yes,no,Rosaceae
Pilea_pumila,PILPUM,Pilea,pumila,no,yes,no,Urticaceae
Poa_sp,POASPP,Poa,spp.,yes,yes,no,Poaceae
Podophyllum_peltatum,PODPEL,Podophyllum,peltatum,no,yes,no,Berberidaceae
Polemonium_reptans,NA,NA,NA,no,no,yes,Polemoniaceae
Polygala_sp,PERSPP,Polygala,spp.,no,yes,no,Polygalaceae
Polygala_polygama,POLPOL,Polygala,polygama,yes,no,no,Polygalaceae
Polygala_sanguinea,POLSAN,Polygala,sanguinea,yes,no,no,Polygalaceae
Polygonatum_biflorum,POLBIF,Polygonatum,biflorum,yes,yes,yes,Asparagaceae
Polygonatum_pubescens,POLPUB,Polygonatum,pubescens,yes,no,no,Asparagaceae
Populus_grandidentata,POPGRA,Populus,grandidentata,no,yes,no,Salicaceae
Populus_tremuloides,POPTRE,Populus,tremuloides,yes,yes,no,Salicaceae
Potentilla_arguta,DRYARG,Drymocallis,arguta,yes,no,yes,Rosaceae
Potentilla_recta,POTREC,Potentilla,recta,no,yes,no,Rosaceae
Potentilla_simplex,POTSIM,Potentilla,simplex,yes,yes,no,Rosaceae
Prunus_serotina,PRUSER,Prunus,serotina,yes,yes,no,Rosaceae
Prunus_virginiana,PRUVIR,Prunus,virginiana,yes,yes,no,Rosaceae
Pteridium_aquilinum,PTEAQU,Pteridium,aquilinum,yes,yes,no,Dennstaedtiaceae
Pycnanthemum_tenuifolium,NA,NA,NA,no,no,yes,Lamiaceae
Pycnanthemum_verticillatum,NA,NA,NA,no,no,yes,Lamiaceae
Pycnanthemum_virginianum,PYCVIR,Pycnanthemum,virginianum,yes,no,yes,Lamiaceae
Pyrola_americana,PYRAME,Pyrola,americana,yes,no,no,Ericaceae
Pyrola_elliptica,PYRELL,Pyrola,elliptica,no,yes,no,Ericaceae
Quercus_alba,QUEALB,Quercus,alba,yes,yes,no,Fagaceae
Quercus_ellipsoidalis,QUEELL,Quercus,ellipsoidalis,no,yes,no,Fagaceae
Quercus_macrocarpa,QUEMAC,Quercus,macrocarpa,yes,yes,no,Fagaceae
Quercus_velutina,QUEVEL,Quercus,velutina,no,yes,no,Fagaceae
Ranunculus_abortivus,RANABO,Ranunculus,abortivus,no,yes,no,Ranunculaceae
Ranunculus_fascicularis,RANFAS,Ranunculus,fascicularis,yes,no,no,Ranunculaceae
Ranunculus_recurvatus,RANREC,Ranunculus,recurvatus,no,yes,no,Ranunculaceae
Ratibida_pinnata,RATPIN,Ratibida,pinnata,yes,yes,yes,Asteraceae
Rhamnus_cathartica,RHACAT,Rhamnus,cathartica,no,yes,no,Rhamnaceae
Rhus_glabra,RHUGLA,Rhus,glabra,yes,yes,no,Anacardiaceae
Rhus_typhina,RHUTYP,Rhus,typhina,yes,no,no,Anacardiaceae
Ribes_sp,RIBSPP,Ribes,spp.,no,yes,no,Grossulariaceae
Ribes_americanum,RIBAME,Ribes,americanum,no,yes,no,Grossulariaceae
Ribes_cynosbati,RIBCYN,Ribes,cynosbati,yes,yes,no,Grossulariaceae
Ribes_lacustre,RIBLAC,Ribes,lacustre,no,yes,no,Grossulariaceae
Ribes_missouriense,RIBMIS,Ribes,missouriense,no,yes,no,Grossulariaceae
Rosa_sp,ROSSPP,Rosa,spp.,yes,yes,no,Rosaceae
Rosa_arkansana,NA,NA,NA,no,no,yes,Rosaceae
Rosa_blanda,NA,NA,NA,no,no,yes,Rosaceae
Rosa_multiflora,ROSMUL,Rosa,multiflora,no,yes,no,Rosaceae
Rostraria_cristata,NA,NA,NA,no,no,yes,Poaceae
Rubus_sp,RUBSPP,Rubus,spp.,yes,yes,no,Rosaceae
Rudbeckia_hirta,RUDHIR,Rudbeckia,hirta,yes,no,yes,Asteraceae
Rudbeckia_laciniata,NA,NA,NA,no,no,yes,Asteraceae
Rudbeckia_subtomentosa,NA,NA,NA,no,no,yes,Asteraceae
Rudbeckia_triloba,RUDTRI,Rudbeckia,triloba,no,yes,yes,Asteraceae
Rumex_acetosella,RUMACE,Rumex,acetosella,yes,yes,no,Polygonaceae
Salix_sp,SALSPP,Salix,spp.,yes,no,no,Salicaceae
Sambucus_canadensis,SAMCAN,Sambucus,canadensis,no,yes,no,Adoxaceae
Sanicula_sp,SANSPP,Sanicula,spp.,yes,yes,no,Apiaceae
Schizachne_purpurascens,NA,NA,NA,no,no,yes,Poaceae
Schizachyrium_scoparium,SCHSCO,Schizachyrium,scoparium,yes,yes,yes,Poaceae
Scrophularia_lanceolata,SCRLAN,Scrophularia,lanceolata,yes,no,yes,Scrophulariaceae
Scrophularia_marilandica,NA,NA,NA,no,no,yes,Scrophulariaceae
Scutellaria_parvula,SCUPAR,Scutellaria,parvula,yes,no,no,Lamiaceae
Selaginella_sellowii,SELRUP,Selaginella,rupestris,yes,no,no,Selaginellaceae
Silene_stellata,SILSTE,Silene,stellata,no,yes,yes,Caryophyllaceae
Silphium_integrifolium,SILINT,Silphium,integrifolium,yes,no,yes,Asteraceae
Silphium_perfoliatum,NA,NA,NA,no,no,yes,Asteraceae
Silphium_terebinthinaceum,SILTER,Silphium,terebinthinaceum,yes,no,no,Asteraceae
Sisyrinchium_campestre,SISCAM,Sisyrinchium,campestre,yes,no,no,Iridaceae
Smilax_ecirrhata,SMIECI,Smilax,ecirrhata,yes,yes,no,Smilacaceae
Smilax_herbacea,NA,NA,NA,no,no,yes,Smilacaceae
Smilax_lasioneura,SMILAS,Smilax,lasioneura,yes,yes,no,Smilacaceae
Solanum_dulcamara,SOLDUL,Solanum,dulcamara,no,yes,no,Solanaceae
Solidago_sp,SOLSPP,Solidago,spp.,no,yes,no,Asteraceae
Solidago_caesia,NA,NA,NA,no,no,yes,Asteraceae
Solidago_canadensis,SOLCAN,Solidago,canadensis,yes,yes,no,Asteraceae
Solidago_flexicaulis,SOLFLE,Solidago,flexicaulis,yes,yes,no,Asteraceae
Solidago_gigantea,SOLGIG,Solidago,gigantea,yes,yes,no,Asteraceae
Solidago_juncea,SOLJUN,Solidago,juncea,yes,no,yes,Asteraceae
Solidago_missouriensis,SOLMIS,Solidago,missouriensis,yes,no,no,Asteraceae
Solidago_nemoralis,SOLNEM,Solidago,nemoralis,yes,no,yes,Asteraceae
Solidago_ptarmicoides,SOLPTA,Solidago,ptarmicoides,yes,no,yes,Asteraceae
Solidago_rigida,SOLRIG,Solidago,rigidum,yes,no,yes,Asteraceae
Solidago_speciosa,SOLSPE,Solidago,speciosa,yes,no,yes,Asteraceae
Solidago_ulmifolia,SOLULM,Solidago,ulmifolia,yes,yes,yes,Asteraceae
Solidago_altissima,SOLALT,Solidago,altissima,no,yes,no,Asteraceae
Sorghastrum_nutans,NA,NA,NA,no,no,yes,Poaceae
Spartina_pectinata,SPAPEC,Spartina,pectinata,yes,no,no,Poaceae
Sporobolus_sp,SPOSPP,Sporabolus,spp.,yes,no,no,Poaceae
Sporobolus_cryptandrus,NA,NA,NA,no,no,yes,Poaceae
Sporobolus_heterolepis,NA,NA,NA,no,no,yes,Poaceae
Stellaria_media,STEMED,Stellaria,media,no,yes,no,Caryophyllaceae
Stipa_spartea,HESSPA,Hesperostipa,spartea,yes,no,no,Poaceae
Symphoricarpos_occidentalis,SYMOCC,Symphoricarpos,occidentalis,yes,no,no,Caprifoliaceae
Symphyotrichum_ciliolatum,SYMCIL,Symphyotrichum,ciliolatum,no,yes,yes,Asteraceae
Symphyotrichum_cordifolium,SYMCOR,Symphyotrichum,cordifolium,no,yes,yes,Asteraceae
Symphyotrichum_drummondii,SYMDRU,Symphyotrichum,drummondii,no,yes,yes,Asteraceae
Symphyotrichum_ericoides,SYMERI,Symphyotrichum,ericoides,yes,no,no,Asteraceae
Symphyotrichum_laeve,SYMLAE,Symphyotrichum,laeve,yes,no,yes,Asteraceae
Symphyotrichum_lateriflorum,SYMLAT,Symphyotrichum,lateriflorum,yes,yes,yes,Asteraceae
Symphyotrichum_novae-angliae,SYMNOV,Symphyotrichum,novae-angliae,yes,no,yes,Asteraceae
Symphyotrichum_oblongifolium,SYMOBL,Symphyotrichum,oblongifolium,yes,no,no,Asteraceae
Symphyotrichum_oolentangiense,SYMOOL,Symphyotrichum,oolentangiense,yes,no,yes,Asteraceae
Symphyotrichum_prenanthoides,NA,NA,NA,no,no,yes,Asteraceae
Symphyotrichum_sericeum,SYMSER,Symphyotrichum,sericeum,yes,no,no,Asteraceae
Symphyotrichum_shortii,SYMSHO,Symphyotrichum,shortii,yes,no,yes,Asteraceae
Symphyotrichum_urophyllum,SYMURO,Symphyotrichum,urophyllum,yes,yes,yes,Asteraceae
Taenidia_integerrima,TAEINT,Taenidia,integerrima,yes,no,no,Apiaceae
Taraxacum_sp,TARSPP,Taraxacum,spp.,yes,yes,no,Asteraceae
Tephrosia_virginiana,TEPVIR,Tephrosia,virginiana,yes,no,yes,Fabaceae
Teucrium_canadense,NA,NA,NA,no,no,yes,Lamiaceae
Thalictrum_dasycarpum,THADAS,Thalictrum,dasycarpum,yes,no,no,Ranunculaceae
Thalictrum_dioicum,THADIO,Thalictrum,dioicum,yes,yes,yes,Ranunculaceae
Thaspium_trifoliatum,NA,NA,NA,no,no,yes,Apiaceae
Tilia_americana,TILAME,Tilia,americana,no,yes,no,Malvaceae
Toxicodendron_radicans,TOXRAD,Toxicodendron,radicans,yes,yes,no,Anacardiaceae
Tradescantia_ohiensis,TRAOHI,Tradescantia,ohiensis,yes,yes,yes,Commelinaceae
Tragopogon_sp,TRASPP,Tragopogon,spp.,yes,no,no,Asteraceae
Triosteum_perfoliatum,TRIPEF,Triosteum,perfoliatum,yes,no,no,Caprifoliaceae
Ulmus_sp,ULMSPP,Ulmus,spp.,no,yes,no,Ulmaceae
Urtica_dioica,URTDIO,Urtica,dioica,no,yes,no,Urticaceae
Uvularia_grandiflora,UVUGRA,Uvularia,grandiflora,yes,yes,no,Colchicaceae
Vaccinium_angustifolium,VACANG,Vaccinium,angustifolium,yes,yes,no,Ericaceae
Verbena_hastata,NA,NA,NA,no,no,yes,Verbenaceae
Verbena_stricta,NA,NA,NA,no,no,yes,Verbenaceae
Verbena_urticifolia,NA,NA,NA,no,no,yes,Verbenaceae
Vernonia_fasciculata,NA,NA,NA,no,no,yes,Asteraceae
Vernonia_missurica,NA,NA,NA,no,no,yes,Asteraceae
Veronica_bullii,BESBUL,Besseya,bullii,yes,no,no,Plantaginaceae
Veronicastrum_virginicum,VERVIR,Veronicastrum,virginicum,yes,no,yes,Plantaginaceae
Viburnum_lentago,VIBLEN,Viburnum,lentago,no,yes,no,Adoxaceae
Vicia_caroliniana,VICCAR,Vicia,caroliniana,yes,no,no,Fabaceae
Vicia_americana,VICAME,Vicia,americana,yes,no,no,Fabaceae
Viola_sp,VIOSPP,Viola,spp.,yes,yes,no,Violaceae
Vitis_vulpina,VITRIP,Vitis,riparia,yes,yes,no,Vitaceae
Vulpia_octoflora,VULOCT,Vulpia,octoflora,no,yes,no,Poaceae
Woodsia_ilvensis,WOOILV,Woodsia,ilvensis,yes,no,no,Woodsiaceae
Zanthoxylum_americanum,ZANAME,Zanthoxylum,americanum,yes,yes,no,Rutaceae
Zizia_aurea,ZIZAUR,Zizia,aurea,yes,no,yes,Apiaceae
