accSppName,Name_matched,Accepted_name,Accepted_name_family,Name_submitted,genus,phylo,habit
Sambucus canadensis,Sambucus canadensis,Sambucus canadensis,Adoxaceae,Sambucus_canadensis,Sambucus,Adoxaceae/Sambucus/Sambucus_canadensis,woody
Viburnum lentago,Viburnum lentago,Viburnum lentago,Adoxaceae,Viburnum_lentago,Viburnum,Adoxaceae/Viburnum/Viburnum_lentago,woody
Viburnum rafinesqueanum,Viburnum rafinesqueanum,Viburnum rafinesqueanum,Adoxaceae,Viburnum_rafinesqueanum,Viburnum,Adoxaceae/Viburnum/Viburnum_rafinesqueanum,woody
Amaranthus blitoides,Amaranthus blitoides,Amaranthus blitoides,Amaranthaceae,Amaranthus_blitoides,Amaranthus,Amaranthaceae/Amaranthus/Amaranthus_blitoides,
Chenopodium album,Chenopodium album,Chenopodium album,Amaranthaceae,Chenopodium_album,Chenopodium,Amaranthaceae/Chenopodium/Chenopodium_album,
Allium canadense,Allium canadense,Allium canadense,Amaryllidaceae,Allium_canadense,Allium,Amaryllidaceae/Allium/Allium_canadense,
Allium cernuum,Allium cernuum,Allium cernuum,Amaryllidaceae,Allium_cernuum,Allium,Amaryllidaceae/Allium/Allium_cernuum,
Rhus glabra,Rhus glabra,Rhus glabra,Anacardiaceae,Rhus_glabra,Rhus,Anacardiaceae/Rhus/Rhus_glabra,woody
Rhus typhina,Rhus typhina,Rhus typhina,Anacardiaceae,Rhus_typhina,Rhus,Anacardiaceae/Rhus/Rhus_typhina,woody
Toxicodendron radicans,Toxicodendron radicans,Toxicodendron radicans,Anacardiaceae,Toxicodendron_radicans,Toxicodendron,Anacardiaceae/Toxicodendron/Toxicodendron_radicans,woody
Cryptotaenia canadensis,Cryptotaenia canadensis,Cryptotaenia canadensis,Apiaceae,Cryptotaenia_canadensis,Cryptotaenia,Apiaceae/Cryptotaenia/Cryptotaenia_canadensis,
Eryngium yuccifolium,Eryngium yuccifolium,Eryngium yuccifolium,Apiaceae,Eryngium_yuccifolium,Eryngium,Apiaceae/Eryngium/Eryngium_yuccifolium,
Osmorhiza aristata var. aristata,Osmorhiza aristata var. aristata,Osmorhiza aristata var. aristata,Apiaceae,Osmorhiza_aristata,Osmorhiza,Apiaceae/Osmorhiza/Osmorhiza_aristata,
Osmorhiza claytonii,Osmorhiza claytonii,Osmorhiza aristata var. aristata,Apiaceae,Osmorhiza_claytonii,Osmorhiza,Apiaceae/Osmorhiza/Osmorhiza_claytonii,
Osmorhiza longistylis,Osmorhiza longistylis,Osmorhiza longistylis,Apiaceae,Osmorhiza_longistylis,Osmorhiza,Apiaceae/Osmorhiza/Osmorhiza_longistylis,
Oxypolis rigidior,Oxypolis rigidior,Oxypolis rigidior,Apiaceae,Oxypolis_rigidior,Oxypolis,Apiaceae/Oxypolis/Oxypolis_rigidior,
Sanicula marilandica,Sanicula marilandica,Sanicula marilandica,Apiaceae,Sanicula_marilandica,Sanicula,Apiaceae/Sanicula/Sanicula_marilandica,
Sanicula odorata,Sanicula odorata,Sanicula odorata,Apiaceae,Sanicula_odorata,Sanicula,Apiaceae/Sanicula/Sanicula_odorata,
Taenidia integerrima,Taenidia integerrima,Taenidia integerrima,Apiaceae,Taenidia_integerrima,Taenidia,Apiaceae/Taenidia/Taenidia_integerrima,
Thaspium trifoliatum,Thaspium trifoliatum,Thaspium trifoliatum,Apiaceae,Thaspium_trifoliatum,Thaspium,Apiaceae/Thaspium/Thaspium_trifoliatum,
Zizia aurea,Zizia aurea,Zizia aurea,Apiaceae,Zizia_aurea,Zizia,Apiaceae/Zizia/Zizia_aurea,
Apocynum androsaemifolium,Apocynum androsaemifolium,Apocynum androsaemifolium,Apocynaceae,Apocynum_androsaemifolium,Apocynum,Apocynaceae/Apocynum/Apocynum_androsaemifolium,
Apocynum cannabinum,Apocynum cannabinum,Apocynum cannabinum,Apocynaceae,Apocynum_cannabinum,Apocynum,Apocynaceae/Apocynum/Apocynum_cannabinum,
Asclepias exaltata,Asclepias exaltata,Asclepias exaltata,Apocynaceae,Asclepias_exaltata,Asclepias,Apocynaceae/Asclepias/Asclepias_exaltata,
Asclepias incarnata,Asclepias incarnata,Asclepias incarnata,Apocynaceae,Asclepias_incarnata,Asclepias,Apocynaceae/Asclepias/Asclepias_incarnata,
Asclepias syriaca,Asclepias syriaca,Asclepias syriaca,Apocynaceae,Asclepias_syriaca,Asclepias,Apocynaceae/Asclepias/Asclepias_syriaca,
Asclepias tuberosa,Asclepias tuberosa,Asclepias tuberosa,Apocynaceae,Asclepias_tuberosa,Asclepias,Apocynaceae/Asclepias/Asclepias_tuberosa,
Asclepias verticillata,Asclepias verticillata,Asclepias verticillata,Apocynaceae,Asclepias_verticillata,Asclepias,Apocynaceae/Asclepias/Asclepias_verticillata,
Arisaema triphyllum,Arisaema triphyllum,Arisaema triphyllum,Araceae,Arisaema_triphyllum,Arisaema,Araceae/Arisaema/Arisaema_triphyllum,
Aralia nudicaulis,Aralia nudicaulis,Aralia nudicaulis,Araliaceae,Aralia_nudicaulis,Aralia,Araliaceae/Aralia/Aralia_nudicaulis,
Panax trifolius,Panax trifolius,Panax trifolius,Araliaceae,Panax_trifolius,Panax,Araliaceae/Panax/Panax_trifolius,
Asparagus officinalis,Asparagus officinalis,Asparagus officinalis,Asparagaceae,Asparagus_officinalis,Asparagus,Asparagaceae/Asparagus/Asparagus_officinalis,
Camassia scilloides,Camassia scilloides,Camassia scilloides,Asparagaceae,Camassia_scilloides,Camassia,Asparagaceae/Camassia/Camassia_scilloides,
Maianthemum canadense,Maianthemum canadense,Maianthemum canadense,Asparagaceae,Maianthemum_canadense,Maianthemum,Asparagaceae/Maianthemum/Maianthemum_canadense,
Maianthemum racemosum,Maianthemum racemosum,Maianthemum racemosum,Asparagaceae,Maianthemum_racemosum,Maianthemum,Asparagaceae/Maianthemum/Maianthemum_racemosum,
Maianthemum stellatum,Maianthemum stellatum,Maianthemum stellatum,Asparagaceae,Maianthemum_stellatum,Maianthemum,Asparagaceae/Maianthemum/Maianthemum_stellatum,
Polygonatum biflorum,Polygonatum biflorum,Polygonatum biflorum,Asparagaceae,Polygonatum_biflorum,Polygonatum,Asparagaceae/Polygonatum/Polygonatum_biflorum,
Polygonatum pubescens,Polygonatum pubescens,Polygonatum pubescens,Asparagaceae,Polygonatum_pubescens,Polygonatum,Asparagaceae/Polygonatum/Polygonatum_pubescens,
Achillea millefolium,Achillea millefolium,Achillea millefolium,Asteraceae,Achillea_millefolium,Achillea,Asteraceae/Achillea/Achillea_millefolium,
Ageratina altissima,Ageratina altissima,Ageratina altissima,Asteraceae,Ageratina_altissima,Ageratina,Asteraceae/Ageratina/Ageratina_altissima,
Ambrosia artemisiifolia,Ambrosia artemisiifolia,Ambrosia artemisiifolia,Asteraceae,Ambrosia_artemisiifolia,Ambrosia,Asteraceae/Ambrosia/Ambrosia_artemisiifolia,
Ambrosia psilostachya,Ambrosia psilostachya,Ambrosia psilostachya,Asteraceae,Ambrosia_psilostachya,Ambrosia,Asteraceae/Ambrosia/Ambrosia_psilostachya,
Antennaria parlinii,Antennaria parlinii,Antennaria parlinii,Asteraceae,Antennaria_parlinii,Antennaria,Asteraceae/Antennaria/Antennaria_parlinii,
Antennaria spp.,Antennaria,Antennaria,Asteraceae,Antennaria_sp,Antennaria,Asteraceae/Antennaria/Antennaria_sp,
Arctium minus,Arctium minus,Arctium minus,Asteraceae,Arctium_minus,Arctium,Asteraceae/Arctium/Arctium_minus,
Arnoglossum atriplicifolium,Arnoglossum atriplicifolium,Arnoglossum atriplicifolium,Asteraceae,Arnoglossum_atriplicifolium,Arnoglossum,Asteraceae/Arnoglossum/Arnoglossum_atriplicifolium,
Arnoglossum plantagineum,Arnoglossum plantagineum,Arnoglossum plantagineum,Asteraceae,Arnoglossum_plantagineum,Arnoglossum,Asteraceae/Arnoglossum/Arnoglossum_plantagineum,
Artemisia campestris,Artemisia campestris,Artemisia campestris,Asteraceae,Artemisia_campestris,Artemisia,Asteraceae/Artemisia/Artemisia_campestris,
Artemisia frigida,Artemisia frigida,Artemisia frigida,Asteraceae,Artemisia_frigida,Artemisia,Asteraceae/Artemisia/Artemisia_frigida,
Artemisia ludoviciana,Artemisia ludoviciana,Artemisia ludoviciana,Asteraceae,Artemisia_ludoviciana,Artemisia,Asteraceae/Artemisia/Artemisia_ludoviciana,
Bidens frondosa,Bidens frondosa,Bidens frondosa,Asteraceae,Bidens_frondosa,Bidens,Asteraceae/Bidens/Bidens_frondosa,
Bidens spp.,Bidens,,Asteraceae,Bidens_sp,Bidens,Asteraceae/Bidens/Bidens_sp,
Boltonia asteroides,Boltonia asteroides,Boltonia asteroides,Asteraceae,Boltonia_asteroides,Boltonia,Asteraceae/Boltonia/Boltonia_asteroides,
Brickellia eupatorioides,Brickellia eupatorioides,Brickellia eupatorioides,Asteraceae,Brickellia_eupatorioides,Brickellia,Asteraceae/Brickellia/Brickellia_eupatorioides,
Cacalia muehlenbergii,Cacalia muehlenbergii,Arnoglossum reniforme,Asteraceae,Cacalia_muehlenbergii,Cacalia,Asteraceae/Cacalia/Cacalia_muehlenbergii,
Cirsium canescens,Cirsium canescens,Cirsium canescens,Asteraceae,Cirsium_canescens,Cirsium,Asteraceae/Cirsium/Cirsium_canescens,
Cirsium discolor,Cirsium discolor,Cirsium discolor,Asteraceae,Cirsium_discolor,Cirsium,Asteraceae/Cirsium/Cirsium_discolor,
Coreopsis lanceolata,Coreopsis lanceolata,Coreopsis lanceolata,Asteraceae,Coreopsis_lanceolata,Coreopsis,Asteraceae/Coreopsis/Coreopsis_lanceolata,
Coreopsis palmata,Coreopsis palmata,Coreopsis palmata,Asteraceae,Coreopsis_palmata,Coreopsis,Asteraceae/Coreopsis/Coreopsis_palmata,
Coreopsis tripteris,Coreopsis tripteris,Coreopsis tripteris,Asteraceae,Coreopsis_tripteris,Coreopsis,Asteraceae/Coreopsis/Coreopsis_tripteris,
Echinacea pallida,Echinacea pallida,Echinacea pallida,Asteraceae,Echinacea_pallida,Echinacea,Asteraceae/Echinacea/Echinacea_pallida,
Echinacea purpurea,Echinacea purpurea,Echinacea purpurea,Asteraceae,Echinacea_purpurea,Echinacea,Asteraceae/Echinacea/Echinacea_purpurea,
Erechtites hieraciifolia,Erechtites hieraciifolia,Erechtites hieraciifolius,Asteraceae,Erechtites_hieraciifolia,Erechtites,Asteraceae/Erechtites/Erechtites_hieraciifolia,
Erigeron pulchellus,Erigeron pulchellus,Erigeron pulchellus,Asteraceae,Erigeron_pulchellus,Erigeron,Asteraceae/Erigeron/Erigeron_pulchellus,
Erigeron strigosus,Erigeron strigosus,Erigeron strigosus,Asteraceae,Erigeron_strigosus,Erigeron,Asteraceae/Erigeron/Erigeron_strigosus,
Eupatorium altissimum,Eupatorium altissimum,Eupatorium altissimum,Asteraceae,Eupatorium_altissimum,Eupatorium,Asteraceae/Eupatorium/Eupatorium_altissimum,
Eurybia macrophylla,Eurybia macrophylla,Eurybia macrophylla,Asteraceae,Eurybia_macrophylla,Eurybia,Asteraceae/Eurybia/Eurybia_macrophylla,
Euthamia graminifolia,Euthamia graminifolia,Euthamia graminifolia,Asteraceae,Euthamia_graminifolia,Euthamia,Asteraceae/Euthamia/Euthamia_graminifolia,
Eutrochium purpureum,Eutrochium purpureum,Eupatorium purpureum,Asteraceae,Eutrochium_purpureum,Eutrochium,Asteraceae/Eutrochium/Eutrochium_purpureum,
Helianthus grosseserratus,Helianthus grosseserratus,Helianthus grosseserratus,Asteraceae,Helianthus_grosseserratus,Helianthus,Asteraceae/Helianthus/Helianthus_grosseserratus,
Helianthus hirsutus,Helianthus hirsutus,Helianthus hirsutus,Asteraceae,Helianthus_hirsutus,Helianthus,Asteraceae/Helianthus/Helianthus_hirsutus,
Helianthus maximiliani,Helianthus maximiliani,Helianthus maximiliani,Asteraceae,Helianthus_maximiliani,Helianthus,Asteraceae/Helianthus/Helianthus_maximiliani,
Helianthus occidentalis,Helianthus occidentalis,Helianthus occidentalis,Asteraceae,Helianthus_occidentalis,Helianthus,Asteraceae/Helianthus/Helianthus_occidentalis,
Helianthus pauciflorus,Helianthus pauciflorus,Helianthus pauciflorus,Asteraceae,Helianthus_pauciflorus,Helianthus,Asteraceae/Helianthus/Helianthus_pauciflorus,
Helianthus strumosus,Helianthus strumosus,Helianthus strumosus,Asteraceae,Helianthus_strumosus,Helianthus,Asteraceae/Helianthus/Helianthus_strumosus,
Heliopsis helianthoides,Heliopsis helianthoides,Heliopsis helianthoides,Asteraceae,Heliopsis_helianthoides,Heliopsis,Asteraceae/Heliopsis/Heliopsis_helianthoides,
Hieracium longipilum,Hieracium longipilum,Hieracium longipilum,Asteraceae,Hieracium_longipilum,Hieracium,Asteraceae/Hieracium/Hieracium_longipilum,
Hieracium umbellatum,Hieracium umbellatum,Hieracium umbellatum,Asteraceae,Hieracium_umbellatum,Hieracium,Asteraceae/Hieracium/Hieracium_umbellatum,
Ionactis linariifolius,Ionactis linariifolius,Ionactis linariifolius,Asteraceae,Ionactis_linariifolius,Ionactis,Asteraceae/Ionactis/Ionactis_linariifolius,
Krigia biflora,Krigia biflora,Krigia biflora,Asteraceae,Krigia_biflora,Krigia,Asteraceae/Krigia/Krigia_biflora,
Lactuca biennis,Lactuca biennis,Lactuca biennis,Asteraceae,Lactuca_biennis,Lactuca,Asteraceae/Lactuca/Lactuca_biennis,
Lactuca canadensis,Lactuca canadensis,Lactuca canadensis,Asteraceae,Lactuca_canadensis,Lactuca,Asteraceae/Lactuca/Lactuca_canadensis,
Lactuca ludoviciana,Lactuca ludoviciana,Lactuca ludoviciana,Asteraceae,Lactuca_ludoviciana,Lactuca,Asteraceae/Lactuca/Lactuca_ludoviciana,
Lactuca serriola,Lactuca serriola,Lactuca serriola,Asteraceae,Lactuca_serriola,Lactuca,Asteraceae/Lactuca/Lactuca_serriola,
Liatris aspera,Liatris aspera,Liatris aspera,Asteraceae,Liatris_aspera,Liatris,Asteraceae/Liatris/Liatris_aspera,
Liatris cylindracea,Liatris cylindracea,Liatris cylindracea,Asteraceae,Liatris_cylindracea,Liatris,Asteraceae/Liatris/Liatris_cylindracea,
Prenanthes alba,Prenanthes alba,Nabalus albus,Asteraceae,Prenanthes_alba,Prenanthes,Asteraceae/Prenanthes/Prenanthes_alba,
Prenanthes racemosa,Prenanthes racemosa,Nabalus racemosus,Asteraceae,Prenanthes_racemosa,Prenanthes,Asteraceae/Prenanthes/Prenanthes_racemosa,
Pseudognaphalium obtusifolium,Pseudognaphalium obtusifolium,Pseudognaphalium obtusifolium,Asteraceae,Pseudognaphalium_obtusifolium,Pseudognaphalium,Asteraceae/Pseudognaphalium/Pseudognaphalium_obtusifolium,
Ratibida pinnata,Ratibida pinnata,Ratibida pinnata,Asteraceae,Ratibida_pinnata,Ratibida,Asteraceae/Ratibida/Ratibida_pinnata,
Rudbeckia hirta,Rudbeckia hirta,Rudbeckia hirta,Asteraceae,Rudbeckia_hirta,Rudbeckia,Asteraceae/Rudbeckia/Rudbeckia_hirta,
Rudbeckia laciniata,Rudbeckia laciniata,Rudbeckia laciniata,Asteraceae,Rudbeckia_laciniata,Rudbeckia,Asteraceae/Rudbeckia/Rudbeckia_laciniata,
Rudbeckia subtomentosa,Rudbeckia subtomentosa,Rudbeckia subtomentosa,Asteraceae,Rudbeckia_subtomentosa,Rudbeckia,Asteraceae/Rudbeckia/Rudbeckia_subtomentosa,
Rudbeckia triloba,Rudbeckia triloba,Rudbeckia triloba,Asteraceae,Rudbeckia_triloba,Rudbeckia,Asteraceae/Rudbeckia/Rudbeckia_triloba,
Silphium integrifolium,Silphium integrifolium,Silphium integrifolium,Asteraceae,Silphium_integrifolium,Silphium,Asteraceae/Silphium/Silphium_integrifolium,
Silphium laciniatum,Silphium laciniatum,Silphium laciniatum,Asteraceae,Silphium_laciniatum,Silphium,Asteraceae/Silphium/Silphium_laciniatum,
Silphium perfoliatum,Silphium perfoliatum,Silphium perfoliatum,Asteraceae,Silphium_perfoliatum,Silphium,Asteraceae/Silphium/Silphium_perfoliatum,
Silphium terebinthinaceum,Silphium terebinthinaceum,Silphium terebinthinaceum,Asteraceae,Silphium_terebinthinaceum,Silphium,Asteraceae/Silphium/Silphium_terebinthinaceum,
Solidago altissima,Solidago altissima,Solidago canadensis,Asteraceae,Solidago_altissima,Solidago,Asteraceae/Solidago/Solidago_altissima,
Solidago caesia,Solidago caesia,Solidago caesia,Asteraceae,Solidago_caesia,Solidago,Asteraceae/Solidago/Solidago_caesia,
Solidago canadensis,Solidago canadensis,Solidago canadensis,Asteraceae,Solidago_canadensis,Solidago,Asteraceae/Solidago/Solidago_canadensis,
Solidago flexicaulis,Solidago flexicaulis,Solidago flexicaulis,Asteraceae,Solidago_flexicaulis,Solidago,Asteraceae/Solidago/Solidago_flexicaulis,
Solidago gigantea,Solidago gigantea,Solidago gigantea,Asteraceae,Solidago_gigantea,Solidago,Asteraceae/Solidago/Solidago_gigantea,
Solidago juncea,Solidago juncea,Solidago juncea,Asteraceae,Solidago_juncea,Solidago,Asteraceae/Solidago/Solidago_juncea,
Solidago missouriensis,Solidago missouriensis,Solidago missouriensis,Asteraceae,Solidago_missouriensis,Solidago,Asteraceae/Solidago/Solidago_missouriensis,
Solidago nemoralis,Solidago nemoralis,Solidago nemoralis,Asteraceae,Solidago_nemoralis,Solidago,Asteraceae/Solidago/Solidago_nemoralis,
Solidago ptarmicoides,Solidago ptarmicoides,Solidago ptarmicoides,Asteraceae,Solidago_ptarmicoides,Solidago,Asteraceae/Solidago/Solidago_ptarmicoides,
Solidago rigida,Solidago rigida,Solidago rigida,Asteraceae,Solidago_rigida,Solidago,Asteraceae/Solidago/Solidago_rigida,
Solidago rigidum,Solidago rigida,Solidago rigida,Asteraceae,Solidago_rigidum,Solidago,Asteraceae/Solidago/Solidago_rigidum,
Solidago speciosa,Solidago speciosa,Solidago speciosa,Asteraceae,Solidago_speciosa,Solidago,Asteraceae/Solidago/Solidago_speciosa,
Solidago spp.,Solidago,Solidago,Asteraceae,Solidago_spp,Solidago,Asteraceae/Solidago/Solidago_spp,
Solidago ulmifolia,Solidago ulmifolia,Solidago ulmifolia,Asteraceae,Solidago_ulmifolia,Solidago,Asteraceae/Solidago/Solidago_ulmifolia,
Symphyotrichum ciliolatum,Symphyotrichum ciliolatum,Symphyotrichum ciliolatum,Asteraceae,Symphyotrichum_ciliolatum,Symphyotrichum,Asteraceae/Symphyotrichum/Symphyotrichum_ciliolatum,
Symphyotrichum cordifolium,Symphyotrichum cordifolium,Symphyotrichum cordifolium,Asteraceae,Symphyotrichum_cordifolium,Symphyotrichum,Asteraceae/Symphyotrichum/Symphyotrichum_cordifolium,
Symphyotrichum drummondii,Symphyotrichum drummondii,Symphyotrichum drummondii,Asteraceae,Symphyotrichum_drummondii,Symphyotrichum,Asteraceae/Symphyotrichum/Symphyotrichum_drummondii,
Symphyotrichum ericoides,Symphyotrichum ericoides,Symphyotrichum ericoides,Asteraceae,Symphyotrichum_ericoides,Symphyotrichum,Asteraceae/Symphyotrichum/Symphyotrichum_ericoides,
Symphyotrichum laeve,Symphyotrichum laeve,Symphyotrichum laeve,Asteraceae,Symphyotrichum_laeve,Symphyotrichum,Asteraceae/Symphyotrichum/Symphyotrichum_laeve,
Symphyotrichum lateriflorum,Symphyotrichum lateriflorum,Symphyotrichum lateriflorum,Asteraceae,Symphyotrichum_lateriflorum,Symphyotrichum,Asteraceae/Symphyotrichum/Symphyotrichum_lateriflorum,
Symphyotrichum novae-angliae,Symphyotrichum novae-angliae,Symphyotrichum novae-angliae,Asteraceae,Symphyotrichum_novae-angliae,Symphyotrichum,Asteraceae/Symphyotrichum/Symphyotrichum_novae-angliae,
Symphyotrichum oblongifolium,Symphyotrichum oblongifolium,Symphyotrichum oblongifolium,Asteraceae,Symphyotrichum_oblongifolium,Symphyotrichum,Asteraceae/Symphyotrichum/Symphyotrichum_oblongifolium,
Symphyotrichum oolentangiense,Symphyotrichum oolentangiense,Symphyotrichum oolentangiense,Asteraceae,Symphyotrichum_oolentangiense,Symphyotrichum,Asteraceae/Symphyotrichum/Symphyotrichum_oolentangiense,
Symphyotrichum prenanthoides,Symphyotrichum prenanthoides,Symphyotrichum prenanthoides,Asteraceae,Symphyotrichum_prenanthoides,Symphyotrichum,Asteraceae/Symphyotrichum/Symphyotrichum_prenanthoides,
Symphyotrichum sericeum,Symphyotrichum sericeum,Symphyotrichum sericeum,Asteraceae,Symphyotrichum_sericeum,Symphyotrichum,Asteraceae/Symphyotrichum/Symphyotrichum_sericeum,
Symphyotrichum shortii,Symphyotrichum shortii,Symphyotrichum shortii,Asteraceae,Symphyotrichum_shortii,Symphyotrichum,Asteraceae/Symphyotrichum/Symphyotrichum_shortii,
Symphyotrichum urophyllum,Symphyotrichum urophyllum,Symphyotrichum urophyllum,Asteraceae,Symphyotrichum_urophyllum,Symphyotrichum,Asteraceae/Symphyotrichum/Symphyotrichum_urophyllum,
Taraxacum officinale,Taraxacum officinale,Taraxacum campylodes,Asteraceae,Taraxacum_officinale,Taraxacum,Asteraceae/Taraxacum/Taraxacum_officinale,
Taraxacum spp.,Taraxacum,Taraxacum,Asteraceae,Taraxacum_sp,Taraxacum,Asteraceae/Taraxacum/Taraxacum_sp,
Tragopogon spp.,Tragopogon,,Asteraceae,Tragopogon_sp,Tragopogon,Asteraceae/Tragopogon/Tragopogon_sp,
Vernonia fasciculata,Vernonia fasciculata,Vernonia fasciculata,Asteraceae,Vernonia_fasciculata,Vernonia,Asteraceae/Vernonia/Vernonia_fasciculata,
Vernonia missurica,Vernonia missurica,Vernonia missurica,Asteraceae,Vernonia_missurica,Vernonia,Asteraceae/Vernonia/Vernonia_missurica,
Impatiens capensis,Impatiens capensis,Impatiens capensis,Balsaminaceae,Impatiens_capensis,Impatiens,Balsaminaceae/Impatiens/Impatiens_capensis,
Berberis thunbergii,Berberis thunbergii,Berberis thunbergii,Berberidaceae,Berberis_thunbergii,Berberis,Berberidaceae/Berberis/Berberis_thunbergii,woody
Caulophyllum thalictroides,Caulophyllum thalictroides,Caulophyllum thalictroides,Berberidaceae,Caulophyllum_thalictroides,Caulophyllum,Berberidaceae/Caulophyllum/Caulophyllum_thalictroides,
Podophyllum peltatum,Podophyllum peltatum,Podophyllum peltatum,Berberidaceae,Podophyllum_peltatum,Podophyllum,Berberidaceae/Podophyllum/Podophyllum_peltatum,
Corylus americana,Corylus americana,Corylus americana,Betulaceae,Corylus_americana,Corylus,Betulaceae/Corylus/Corylus_americana,woody
Ostrya virginiana,Ostrya virginiana,Ostrya virginiana,Betulaceae,Ostrya_virginiana,Ostrya,Betulaceae/Ostrya/Ostrya_virginiana,woody
Hackelia virginiana,Hackelia virginiana,Hackelia virginiana,Boraginaceae,Hackelia_virginiana,Hackelia,Boraginaceae/Hackelia/Hackelia_virginiana,
Lithospermum canescens,Lithospermum canescens,Lithospermum canescens,Boraginaceae,Lithospermum_canescens,Lithospermum,Boraginaceae/Lithospermum/Lithospermum_canescens,
Lithospermum caroliniense,Lithospermum caroliniense,Lithospermum caroliniense,Boraginaceae,Lithospermum_caroliniense,Lithospermum,Boraginaceae/Lithospermum/Lithospermum_caroliniense,
Lithospermum incisum,Lithospermum incisum,Lithospermum incisum,Boraginaceae,Lithospermum_incisum,Lithospermum,Boraginaceae/Lithospermum/Lithospermum_incisum,
Alliaria petiolata,Alliaria petiolata,Alliaria petiolata,Brassicaceae,Alliaria_petiolata,Alliaria,Brassicaceae/Alliaria/Alliaria_petiolata,
Arabidopsis lyrata,Arabidopsis lyrata,Arabidopsis lyrata,Brassicaceae,Arabidopsis_lyrata,Arabidopsis,Brassicaceae/Arabidopsis/Arabidopsis_lyrata,
Opuntia humifusa,Opuntia humifusa,Opuntia humifusa,Cactaceae,Opuntia_humifusa,Opuntia,Cactaceae/Opuntia/Opuntia_humifusa,
Campanula americana,Campanula americana,Campanula americana,Campanulaceae,Campanula_americana,Campanula,Campanulaceae/Campanula/Campanula_americana,
Campanula rotundifolia,Campanula rotundifolia,Campanula rotundifolia,Campanulaceae,Campanula_rotundifolia,Campanula,Campanulaceae/Campanula/Campanula_rotundifolia,
Lobelia siphilitica,Lobelia siphilitica,Lobelia siphilitica,Campanulaceae,Lobelia_siphilitica,Lobelia,Campanulaceae/Lobelia/Lobelia_siphilitica,
Lobelia spicata,Lobelia spicata,Lobelia spicata,Campanulaceae,Lobelia_spicata,Lobelia,Campanulaceae/Lobelia/Lobelia_spicata,
Celtis occidentalis,Celtis occidentalis,Celtis occidentalis,Cannabaceae,Celtis_occidentalis,Celtis,Cannabaceae/Celtis/Celtis_occidentalis,woody
Lonicera bella,Lonicera bella,Lonicera bella,Caprifoliaceae,Lonicera_bella,Lonicera,Caprifoliaceae/Lonicera/Lonicera_bella,woody
Lonicera dioica,Lonicera dioica,Lonicera dioica,Caprifoliaceae,Lonicera_dioica,Lonicera,Caprifoliaceae/Lonicera/Lonicera_dioica,woody
Lonicera maackii,Lonicera maackii,Lonicera maackii,Caprifoliaceae,Lonicera_maackii,Lonicera,Caprifoliaceae/Lonicera/Lonicera_maackii,woody
Lonicera oblongifolia,Lonicera oblongifolia,Lonicera oblongifolia,Caprifoliaceae,Lonicera_oblongifolia,Lonicera,Caprifoliaceae/Lonicera/Lonicera_oblongifolia,woody
Lonicera reticulata,Lonicera reticulata,Lonicera reticulata,Caprifoliaceae,Lonicera_reticulata,Lonicera,Caprifoliaceae/Lonicera/Lonicera_reticulata,woody
Symphoricarpos occidentalis,Symphoricarpos occidentalis,Symphoricarpos occidentalis,Caprifoliaceae,Symphoricarpos_occidentalis,Symphoricarpos,Caprifoliaceae/Symphoricarpos/Symphoricarpos_occidentalis,
Triosteum perfoliatum,Triosteum perfoliatum,Triosteum perfoliatum,Caprifoliaceae,Triosteum_perfoliatum,Triosteum,Caprifoliaceae/Triosteum/Triosteum_perfoliatum,
Minuartia michauxii,Minuartia michauxii,Minuartia michauxii,Caryophyllaceae,Minuartia_michauxii,Minuartia,Caryophyllaceae/Minuartia/Minuartia_michauxii,
Moehringia lateriflora,Moehringia lateriflora,Moehringia lateriflora,Caryophyllaceae,Moehringia_lateriflora,Moehringia,Caryophyllaceae/Moehringia/Moehringia_lateriflora,
Silene antirrhina,Silene antirrhina,Silene antirrhina,Caryophyllaceae,Silene_antirrhina,Silene,Caryophyllaceae/Silene/Silene_antirrhina,
Silene stellata,Silene stellata,Silene stellata,Caryophyllaceae,Silene_stellata,Silene,Caryophyllaceae/Silene/Silene_stellata,
Stellaria media,Stellaria media,Stellaria media,Caryophyllaceae,Stellaria_media,Stellaria,Caryophyllaceae/Stellaria/Stellaria_media,
Celastrus orbiculatus,Celastrus orbiculatus,Celastrus orbiculatus,Celastraceae,Celastrus_orbiculatus,Celastrus,Celastraceae/Celastrus/Celastrus_orbiculatus,woody
Celastrus scandens,Celastrus scandens,Celastrus scandens,Celastraceae,Celastrus_scandens,Celastrus,Celastraceae/Celastrus/Celastrus_scandens,woody
Euonymus europaeus,Euonymus europaeus,Euonymus europaeus,Celastraceae,Euonymus_europaeus,Euonymus,Celastraceae/Euonymus/Euonymus_europaeus,
Helianthemum canadense,Helianthemum canadense,Crocanthemum canadense,Cistaceae,Helianthemum_canadense,Helianthemum,Cistaceae/Helianthemum/Helianthemum_canadense,
Helianthemum spp.,Helianthemum,Helianthemum,Cistaceae,Helianthemum_sp,Helianthemum,Cistaceae/Helianthemum/Helianthemum_sp,
Lechea tenuifolia,Lechea tenuifolia,Lechea tenuifolia,Cistaceae,Lechea_tenuifolia,Lechea,Cistaceae/Lechea/Lechea_tenuifolia,
Uvularia grandiflora,Uvularia grandiflora,Uvularia grandiflora,Colchicaceae,Uvularia_grandiflora,Uvularia,Colchicaceae/Uvularia/Uvularia_grandiflora,
Tradescantia ohiensis,Tradescantia ohiensis,Tradescantia ohiensis,Commelinaceae,Tradescantia_ohiensis,Tradescantia,Commelinaceae/Tradescantia/Tradescantia_ohiensis,
Calystegia sepium,Calystegia sepium,Calystegia sepium,Convolvulaceae,Calystegia_sepium,Calystegia,Convolvulaceae/Calystegia/Calystegia_sepium,
Cornus alternifolia,Cornus alternifolia,Cornus alternifolia,Cornaceae,Cornus_alternifolia,Cornus,Cornaceae/Cornus/Cornus_alternifolia,woody
Cornus racemosa,Cornus racemosa,Cornus racemosa,Cornaceae,Cornus_racemosa,Cornus,Cornaceae/Cornus/Cornus_racemosa,woody
Cornus rugosa,Cornus rugosa,Cornus rugosa,Cornaceae,Cornus_rugosa,Cornus,Cornaceae/Cornus/Cornus_rugosa,woody
Juniperus horizontalis,Juniperus horizontalis,Juniperus horizontalis,Cupressaceae,Juniperus_horizontalis,Juniperus,Cupressaceae/Juniperus/Juniperus_horizontalis,woody
Juniperus virginiana,Juniperus virginiana,Juniperus virginiana,Cupressaceae,Juniperus_virginiana,Juniperus,Cupressaceae/Juniperus/Juniperus_virginiana,woody
Carex bicknellii,Carex bicknellii,Carex bicknellii,Cyperaceae,Carex_bicknellii,Carex,Cyperaceae/Carex/Carex_bicknellii,
Carex blanda,Carex blanda,Carex blanda,Cyperaceae,Carex_blanda,Carex,Cyperaceae/Carex/Carex_blanda,
Carex brevior,Carex brevior,Carex brevior,Cyperaceae,Carex_brevior,Carex,Cyperaceae/Carex/Carex_brevior,
Carex grisea,Carex grisea,Carex grisea,Cyperaceae,Carex_grisea,Carex,Cyperaceae/Carex/Carex_grisea,
Carex molesta,Carex molesta,Carex molesta,Cyperaceae,Carex_molesta,Carex,Cyperaceae/Carex/Carex_molesta,
Carex normalis,Carex normalis,Carex normalis,Cyperaceae,Carex_normalis,Carex,Cyperaceae/Carex/Carex_normalis,
Carex pensylvanica,Carex pensylvanica,Carex pensylvanica,Cyperaceae,Carex_pensylvanica,Carex,Cyperaceae/Carex/Carex_pensylvanica,
Carex radiata,Carex radiata,Carex radiata,Cyperaceae,Carex_radiata,Carex,Cyperaceae/Carex/Carex_radiata,
Carex spp.,Carex,Carex,Cyperaceae,Carex_sp,Carex,Cyperaceae/Carex/Carex_sp,
Carex sprengelii,Carex sprengelii,Carex sprengelii,Cyperaceae,Carex_sprengelii,Carex,Cyperaceae/Carex/Carex_sprengelii,
Cystopteris bulbifera,Cystopteris bulbifera,Cystopteris bulbifera,Cystopteridaceae,Cystopteris_bulbifera,Cystopteris,Cystopteridaceae/Cystopteris/Cystopteris_bulbifera,
Cystopteris fragilis,Cystopteris fragilis,Cystopteris fragilis,Cystopteridaceae,Cystopteris_fragilis,Cystopteris,Cystopteridaceae/Cystopteris/Cystopteris_fragilis,
Pteridium aquilinum,Pteridium aquilinum,Pteridium aquilinum,Dennstaedtiaceae,Pteridium_aquilinum,Pteridium,Dennstaedtiaceae/Pteridium/Pteridium_aquilinum,
Dioscorea villosa,Dioscorea villosa,Dioscorea villosa,Dioscoreaceae,Dioscorea_villosa,Dioscorea,Dioscoreaceae/Dioscorea/Dioscorea_villosa,
Dryopteris marginalis,Dryopteris marginalis,Dryopteris marginalis,Dryopteridaceae,Dryopteris_marginalis,Dryopteris,Dryopteridaceae/Dryopteris/Dryopteris_marginalis,
Equisetum laevigatum,Equisetum laevigatum,Equisetum laevigatum,Equisetaceae,Equisetum_laevigatum,Equisetum,Equisetaceae/Equisetum/Equisetum_laevigatum,
Gaylussacia baccata,Gaylussacia baccata,Gaylussacia baccata,Ericaceae,Gaylussacia_baccata,Gaylussacia,Ericaceae/Gaylussacia/Gaylussacia_baccata,
Monotropa uniflora,Monotropa uniflora,Monotropa uniflora,Ericaceae,Monotropa_uniflora,Monotropa,Ericaceae/Monotropa/Monotropa_uniflora,
Pyrola americana,Pyrola americana,Pyrola americana,Ericaceae,Pyrola_americana,Pyrola,Ericaceae/Pyrola/Pyrola_americana,
Pyrola elliptica,Pyrola elliptica,Pyrola elliptica,Ericaceae,Pyrola_elliptica,Pyrola,Ericaceae/Pyrola/Pyrola_elliptica,
Vaccinium angustifolium,Vaccinium angustifolium,Vaccinium angustifolium,Ericaceae,Vaccinium_angustifolium,Vaccinium,Ericaceae/Vaccinium/Vaccinium_angustifolium,
Euphorbia corollata,Euphorbia corollata,Euphorbia corollata,Euphorbiaceae,Euphorbia_corollata,Euphorbia,Euphorbiaceae/Euphorbia/Euphorbia_corollata,
Amorpha canescens,Amorpha canescens,,Fabaceae,Amorpha_canescens,Amorpha,Fabaceae/Amorpha/Amorpha_canescens,
Amorpha fruticosa,Amorpha fruticosa,,Fabaceae,Amorpha_fruticosa,Amorpha,Fabaceae/Amorpha/Amorpha_fruticosa,
Amphicarpaea bracteata,Amphicarpaea bracteata,,Fabaceae,Amphicarpaea_bracteata,Amphicarpaea,Fabaceae/Amphicarpaea/Amphicarpaea_bracteata,
Astragalus canadensis,Astragalus canadensis,,Fabaceae,Astragalus_canadensis,Astragalus,Fabaceae/Astragalus/Astragalus_canadensis,
Baptisia alba,Baptisia alba,Baptisia alba,Fabaceae,Baptisia_alba,Baptisia,Fabaceae/Baptisia/Baptisia_alba,
Baptisia australis,Baptisia australis,Baptisia australis,Fabaceae,Baptisia_australis,Baptisia,Fabaceae/Baptisia/Baptisia_australis,
Baptisia bracteata,Baptisia bracteata,Baptisia bracteata,Fabaceae,Baptisia_bracteata,Baptisia,Fabaceae/Baptisia/Baptisia_bracteata,
Baptisia lactea,Baptisia lactea,Baptisia lactea,Fabaceae,Baptisia_lactea,Baptisia,Fabaceae/Baptisia/Baptisia_lactea,
Chamaecrista fasciculata,Chamaecrista fasciculata,Chamaecrista fasciculata,Fabaceae,Chamaecrista_fasciculata,Chamaecrista,Fabaceae/Chamaecrista/Chamaecrista_fasciculata,
Dalea candida,Dalea candida,Dalea candida,Fabaceae,Dalea_candida,Dalea,Fabaceae/Dalea/Dalea_candida,
Dalea purpurea,Dalea purpurea,,Fabaceae,Dalea_purpurea,Dalea,Fabaceae/Dalea/Dalea_purpurea,
Desmodium canadense,Desmodium canadense,,Fabaceae,Desmodium_canadense,Desmodium,Fabaceae/Desmodium/Desmodium_canadense,
Desmodium glutinosum,Desmodium glutinosum,Desmodium glutinosum,Fabaceae,Desmodium_glutinosum,Desmodium,Fabaceae/Desmodium/Desmodium_glutinosum,
Desmodium illinoense,Desmodium illinoense,Desmodium illinoense,Fabaceae,Desmodium_illinoense,Desmodium,Fabaceae/Desmodium/Desmodium_illinoense,
Lathyrus ochroleucus,Lathyrus ochroleucus,Lathyrus ochroleucus,Fabaceae,Lathyrus_ochroleucus,Lathyrus,Fabaceae/Lathyrus/Lathyrus_ochroleucus,
Lathyrus palustris,Lathyrus palustris,Lathyrus palustris,Fabaceae,Lathyrus_palustris,Lathyrus,Fabaceae/Lathyrus/Lathyrus_palustris,
Lathyrus venosus,Lathyrus venosus,,Fabaceae,Lathyrus_venosus,Lathyrus,Fabaceae/Lathyrus/Lathyrus_venosus,
Lespedeza capitata,Lespedeza capitata,,Fabaceae,Lespedeza_capitata,Lespedeza,Fabaceae/Lespedeza/Lespedeza_capitata,
Lespedeza spp.,Lespedeza,Lespedeza,Fabaceae,Lespedeza_sp,Lespedeza,Fabaceae/Lespedeza/Lespedeza_sp,
Lotus corniculatus,Lotus corniculatus,Lotus corniculatus,Fabaceae,Lotus_corniculatus,Lotus,Fabaceae/Lotus/Lotus_corniculatus,
Lupinus perennis,Lupinus perennis,,Fabaceae,Lupinus_perennis,Lupinus,Fabaceae/Lupinus/Lupinus_perennis,
Melilotus alba,Melilotus alba,Melilotus officinalis subsp. alba,Fabaceae,Melilotus_alba,Melilotus,Fabaceae/Melilotus/Melilotus_alba,
Tephrosia virginiana,Tephrosia virginiana,,Fabaceae,Tephrosia_virginiana,Tephrosia,Fabaceae/Tephrosia/Tephrosia_virginiana,
Vicia americana,Vicia americana,,Fabaceae,Vicia_americana,Vicia,Fabaceae/Vicia/Vicia_americana,
Vicia caroliniana,Vicia caroliniana,Vicia caroliniana,Fabaceae,Vicia_caroliniana,Vicia,Fabaceae/Vicia/Vicia_caroliniana,
Quercus alba,Quercus alba,Quercus alba,Fagaceae,Quercus_alba,Quercus,Fagaceae/Quercus/Quercus_alba,woody
Quercus ellipsoidalis,Quercus ellipsoidalis,Quercus ellipsoidalis,Fagaceae,Quercus_ellipsoidalis,Quercus,Fagaceae/Quercus/Quercus_ellipsoidalis,woody
Quercus macrocarpa,Quercus macrocarpa,Quercus macrocarpa,Fagaceae,Quercus_macrocarpa,Quercus,Fagaceae/Quercus/Quercus_macrocarpa,woody
Quercus velutina,Quercus velutina,Quercus velutina,Fagaceae,Quercus_velutina,Quercus,Fagaceae/Quercus/Quercus_velutina,woody
Gentiana alba,Gentiana alba,Gentiana alba,Gentianaceae,Gentiana_alba,Gentiana,Gentianaceae/Gentiana/Gentiana_alba,
Gentiana andrewsii,Gentiana andrewsii,Gentiana andrewsii,Gentianaceae,Gentiana_andrewsii,Gentiana,Gentianaceae/Gentiana/Gentiana_andrewsii,
Gentiana flavida,Gentiana flavida,Gentiana alba,Gentianaceae,Gentiana_flavida,Gentiana,Gentianaceae/Gentiana/Gentiana_flavida,
Geranium maculatum,Geranium maculatum,Geranium maculatum,Geraniaceae,Geranium_maculatum,Geranium,Geraniaceae/Geranium/Geranium_maculatum,
Ribes americanum,Ribes americanum,Ribes americanum,Grossulariaceae,Ribes_americanum,Ribes,Grossulariaceae/Ribes/Ribes_americanum,woody
Ribes cynosbati,Ribes cynosbati,Ribes cynosbati,Grossulariaceae,Ribes_cynosbati,Ribes,Grossulariaceae/Ribes/Ribes_cynosbati,woody
Ribes lacustre,Ribes lacustre,Ribes lacustre,Grossulariaceae,Ribes_lacustre,Ribes,Grossulariaceae/Ribes/Ribes_lacustre,woody
Ribes missouriense,Ribes missouriense,Ribes missouriense,Grossulariaceae,Ribes_missouriense,Ribes,Grossulariaceae/Ribes/Ribes_missouriense,woody
Ribes spp.,Ribes,Ribes,Grossulariaceae,Ribes_spp,Ribes,Grossulariaceae/Ribes/Ribes_spp,woody
Hypericum pyramidatum,Hypericum pyramidatum,Hypericum ascyron subsp. pyramidatum,Hypericaceae,Hypericum_pyramidatum,Hypericum,Hypericaceae/Hypericum/Hypericum_pyramidatum,
Hypoxis hirsuta,Hypoxis hirsuta,Hypoxis hirsuta,Hypoxidaceae,Hypoxis_hirsuta,Hypoxis,Hypoxidaceae/Hypoxis/Hypoxis_hirsuta,
Sisyrinchium campestre,Sisyrinchium campestre,Sisyrinchium campestre,Iridaceae,Sisyrinchium_campestre,Sisyrinchium,Iridaceae/Sisyrinchium/Sisyrinchium_campestre,
Carya cordiformis,Carya cordiformis,Carya cordiformis,Juglandaceae,Carya_cordiformis,Carya,Juglandaceae/Carya/Carya_cordiformis,woody
Carya ovata,Carya ovata,Carya ovata,Juglandaceae,Carya_ovata,Carya,Juglandaceae/Carya/Carya_ovata,woody
Juglans nigra,Juglans nigra,Juglans nigra,Juglandaceae,Juglans_nigra,Juglans,Juglandaceae/Juglans/Juglans_nigra,woody
Juncus dudleyi,Juncus dudleyi,Juncus dudleyi,Juncaceae,Juncus_dudleyi,Juncus,Juncaceae/Juncus/Juncus_dudleyi,
Juncus tenuis,Juncus tenuis,Juncus tenuis,Juncaceae,Juncus_tenuis,Juncus,Juncaceae/Juncus/Juncus_tenuis,
Luzula multiflora,Luzula multiflora,Luzula multiflora,Juncaceae,Luzula_multiflora,Luzula,Juncaceae/Luzula/Luzula_multiflora,
Agastache foeniculum,Agastache foeniculum,Agastache foeniculum,Lamiaceae,Agastache_foeniculum,Agastache,Lamiaceae/Agastache/Agastache_foeniculum,
Agastache nepetoides,Agastache nepetoides,Agastache nepetoides,Lamiaceae,Agastache_nepetoides,Agastache,Lamiaceae/Agastache/Agastache_nepetoides,
Agastache scrophulariifolia,Agastache scrophulariifolia,Agastache scrophulariifolia,Lamiaceae,Agastache_scrophulariifolia,Agastache,Lamiaceae/Agastache/Agastache_scrophulariifolia,
Blephilia hirsuta,Blephilia hirsuta,Blephilia hirsuta,Lamiaceae,Blephilia_hirsuta,Blephilia,Lamiaceae/Blephilia/Blephilia_hirsuta,
Hedeoma hispida,Hedeoma hispida,Hedeoma hispida,Lamiaceae,Hedeoma_hispida,Hedeoma,Lamiaceae/Hedeoma/Hedeoma_hispida,
Leonurus cardiaca,Leonurus cardiaca,Leonurus cardiaca,Lamiaceae,Leonurus_cardiaca,Leonurus,Lamiaceae/Leonurus/Leonurus_cardiaca,
Monarda fistulosa,Monarda fistulosa,Monarda fistulosa,Lamiaceae,Monarda_fistulosa,Monarda,Lamiaceae/Monarda/Monarda_fistulosa,
Monarda punctata,Monarda punctata,Monarda punctata,Lamiaceae,Monarda_punctata,Monarda,Lamiaceae/Monarda/Monarda_punctata,
Pycnanthemum pilosum,Pycnanthemum pilosum,Pycnanthemum verticillatum var. pilosum,Lamiaceae,Pycnanthemum_pilosum,Pycnanthemum,Lamiaceae/Pycnanthemum/Pycnanthemum_pilosum,
Pycnanthemum tenuifolium,Pycnanthemum tenuifolium,Pycnanthemum tenuifolium,Lamiaceae,Pycnanthemum_tenuifolium,Pycnanthemum,Lamiaceae/Pycnanthemum/Pycnanthemum_tenuifolium,
Pycnanthemum virginianum,Pycnanthemum virginianum,Pycnanthemum virginianum,Lamiaceae,Pycnanthemum_virginianum,Pycnanthemum,Lamiaceae/Pycnanthemum/Pycnanthemum_virginianum,
Scutellaria parvula,Scutellaria parvula,Scutellaria parvula,Lamiaceae,Scutellaria_parvula,Scutellaria,Lamiaceae/Scutellaria/Scutellaria_parvula,
Teucrium canadense,Teucrium canadense,Teucrium canadense,Lamiaceae,Teucrium_canadense,Teucrium,Lamiaceae/Teucrium/Teucrium_canadense,
Lilium superbum,Lilium superbum,Lilium superbum,Liliaceae,Lilium_superbum,Lilium,Liliaceae/Lilium/Lilium_superbum,
Linum sulcatum,Linum sulcatum,Linum sulcatum,Linaceae,Linum_sulcatum,Linum,Linaceae/Linum/Linum_sulcatum,
Napaea dioica,Napaea dioica,Napaea dioica,Malvaceae,Napaea_dioica,Napaea,Malvaceae/Napaea/Napaea_dioica,
Tilia americana,Tilia americana,Tilia americana,Malvaceae,Tilia_americana,Tilia,Malvaceae/Tilia/Tilia_americana,woody
Zigadenus elegans,Zigadenus elegans,Anticlea elegans,Melanthiaceae,Zigadenus_elegans,Zigadenus,Melanthiaceae/Zigadenus/Zigadenus_elegans,
Menispermum canadense,Menispermum canadense,Menispermum canadense,Menispermaceae,Menispermum_canadense,Menispermum,Menispermaceae/Menispermum/Menispermum_canadense,
Phemeranthus rugospermus,Phemeranthus rugospermus,Phemeranthus rugospermus,Montiaceae,Phemeranthus_rugospermus,Phemeranthus,Montiaceae/Phemeranthus/Phemeranthus_rugospermus,
Morus alba,Morus alba,Morus alba,Moraceae,Morus_alba,Morus,Moraceae/Morus/Morus_alba,woody
Fraxinus americana,Fraxinus americana,Fraxinus americana,Oleaceae,Fraxinus_americana,Fraxinus,Oleaceae/Fraxinus/Fraxinus_americana,woody
Fraxinus pennsylvanica,Fraxinus pennsylvanica,Fraxinus pennsylvanica,Oleaceae,Fraxinus_pennsylvanica,Fraxinus,Oleaceae/Fraxinus/Fraxinus_pennsylvanica,woody
Circaea lutetiana,Circaea lutetiana,Circaea lutetiana,Onagraceae,Circaea_lutetiana,Circaea,Onagraceae/Circaea/Circaea_lutetiana,
Epilobium angustifolium,Epilobium angustifolium,Epilobium angustifolium,Onagraceae,Epilobium_angustifolium,Epilobium,Onagraceae/Epilobium/Epilobium_angustifolium,
Gaura biennis,Gaura biennis,Gaura biennis,Onagraceae,Gaura_biennis,Gaura,Onagraceae/Gaura/Gaura_biennis,
Oenothera biennis,Oenothera biennis,Oenothera biennis,Onagraceae,Oenothera_biennis,Oenothera,Onagraceae/Oenothera/Oenothera_biennis,
Botrypus virginianus,Botrypus virginianus,Botrychium virginianum,Ophioglossaceae,Botrypus_virginianus,Botrypus,Ophioglossaceae/Botrypus/Botrypus_virginianus,
Sceptridium multifidium,Sceptridium multifidum,Botrychium multifidum,Ophioglossaceae,Sceptridium_multifidium,Sceptridium,Ophioglossaceae/Sceptridium/Sceptridium_multifidium,
Epipactis helleborine,Epipactis helleborine,Epipactis helleborine,Orchidaceae,Epipactis_helleborine,Epipactis,Orchidaceae/Epipactis/Epipactis_helleborine,
Liparis liliifolia,Liparis liliifolia,Liparis liliifolia,Orchidaceae,Liparis_liliifolia,Liparis,Orchidaceae/Liparis/Liparis_liliifolia,
Aureolaria grandiflora,Aureolaria grandiflora,Aureolaria grandiflora,Orobanchaceae,Aureolaria_grandiflora,Aureolaria,Orobanchaceae/Aureolaria/Aureolaria_grandiflora,
Orobanche uniflora,Orobanche uniflora,Orobanche uniflora,Orobanchaceae,Orobanche_uniflora,Orobanche,Orobanchaceae/Orobanche/Orobanche_uniflora,
Pedicularis canadensis,Pedicularis canadensis,Pedicularis canadensis,Orobanchaceae,Pedicularis_canadensis,Pedicularis,Orobanchaceae/Pedicularis/Pedicularis_canadensis,
Oxalis stricta,Oxalis stricta,Oxalis stricta,Oxalidaceae,Oxalis_stricta,Oxalis,Oxalidaceae/Oxalis/Oxalis_stricta,
Oxalis violacea,Oxalis violacea,Oxalis violacea,Oxalidaceae,Oxalis_violacea,Oxalis,Oxalidaceae/Oxalis/Oxalis_violacea,
Corydalis sempervirens,Corydalis sempervirens,Capnoides sempervirens,Papaveraceae,Corydalis_sempervirens,Corydalis,Papaveraceae/Corydalis/Corydalis_sempervirens,
Sanguinaria canadensis,Sanguinaria canadensis,Sanguinaria canadensis,Papaveraceae,Sanguinaria_canadensis,Sanguinaria,Papaveraceae/Sanguinaria/Sanguinaria_canadensis,
Mimulus ringens,Mimulus ringens,Mimulus ringens,Phrymaceae,Mimulus_ringens,Mimulus,Phrymaceae/Mimulus/Mimulus_ringens,
Phryma leptostachya,Phryma leptostachya,Phryma leptostachya,Phrymaceae,Phryma_leptostachya,Phryma,Phrymaceae/Phryma/Phryma_leptostachya,
Besseya bullii,Besseya bullii,Veronica bullii,Plantaginaceae,Besseya_bullii,Besseya,Plantaginaceae/Besseya/Besseya_bullii,
Penstemon digitalis,Penstemon digitalis,Penstemon digitalis,Plantaginaceae,Penstemon_digitalis,Penstemon,Plantaginaceae/Penstemon/Penstemon_digitalis,
Penstemon gracilis,Penstemon gracilis,Penstemon gracilis,Plantaginaceae,Penstemon_gracilis,Penstemon,Plantaginaceae/Penstemon/Penstemon_gracilis,
Penstemon grandiflorus,Penstemon grandiflorus,Penstemon grandiflorus,Plantaginaceae,Penstemon_grandiflorus,Penstemon,Plantaginaceae/Penstemon/Penstemon_grandiflorus,
Penstemon hirsutus,Penstemon hirsutus,Penstemon hirsutus,Plantaginaceae,Penstemon_hirsutus,Penstemon,Plantaginaceae/Penstemon/Penstemon_hirsutus,
Penstemon spectabilis,Penstemon spectabilis,Penstemon spectabilis,Plantaginaceae,Penstemon_spectabilis,Penstemon,Plantaginaceae/Penstemon/Penstemon_spectabilis,
Veronicastrum virginicum,Veronicastrum virginicum,Veronicastrum virginicum,Plantaginaceae,Veronicastrum_virginicum,Veronicastrum,Plantaginaceae/Veronicastrum/Veronicastrum_virginicum,
Agrostis perennans,Agrostis perennans,Agrostis perennans,Poaceae,Agrostis_perennans,Agrostis,Poaceae/Agrostis/Agrostis_perennans,
Andropogon gerardii,Andropogon gerardii,Andropogon gerardii,Poaceae,Andropogon_gerardii,Andropogon,Poaceae/Andropogon/Andropogon_gerardii,
Bouteloua curtipendula,Bouteloua curtipendula,Bouteloua curtipendula,Poaceae,Bouteloua_curtipendula,Bouteloua,Poaceae/Bouteloua/Bouteloua_curtipendula,
Bouteloua gracilis,Bouteloua gracilis,Chondrosum gracile,Poaceae,Bouteloua_gracilis,Bouteloua,Poaceae/Bouteloua/Bouteloua_gracilis,
Bouteloua hirsuta,Bouteloua hirsuta,Chondrosum hirsutum,Poaceae,Bouteloua_hirsuta,Bouteloua,Poaceae/Bouteloua/Bouteloua_hirsuta,
Bromus ciliatus,Bromus ciliatus,Bromus ciliatus,Poaceae,Bromus_ciliatus,Bromus,Poaceae/Bromus/Bromus_ciliatus,
Bromus kalmii,Bromus kalmii,Bromus kalmii,Poaceae,Bromus_kalmii,Bromus,Poaceae/Bromus/Bromus_kalmii,
Bromus latiglumis,Bromus latiglumis,Bromus latiglumis,Poaceae,Bromus_latiglumis,Bromus,Poaceae/Bromus/Bromus_latiglumis,
Bromus pubescens,Bromus pubescens,Bromus pubescens,Poaceae,Bromus_pubescens,Bromus,Poaceae/Bromus/Bromus_pubescens,
Bromus spp.,Bromus,Bromus,Poaceae,Bromus_sp,Bromus,Poaceae/Bromus/Bromus_sp,
Calamagrostis canadensis,Calamagrostis canadensis,Calamagrostis canadensis,Poaceae,Calamagrostis_canadensis,Calamagrostis,Poaceae/Calamagrostis/Calamagrostis_canadensis,
Danthonia spicata,Danthonia spicata,Danthonia spicata,Poaceae,Danthonia_spicata,Danthonia,Poaceae/Danthonia/Danthonia_spicata,
Diarrhena americana,Diarrhena americana,Diarrhena americana,Poaceae,Diarrhena_americana,Diarrhena,Poaceae/Diarrhena/Diarrhena_americana,
Diarrhena obovata,Diarrhena obovata,,Poaceae,Diarrhena_obovata,Diarrhena,Poaceae/Diarrhena/Diarrhena_obovata,
Dichanthelium acuminatum,Dichanthelium acuminatum,Panicum acuminatum,Poaceae,Dichanthelium_acuminatum,Dichanthelium,Poaceae/Dichanthelium/Dichanthelium_acuminatum,
Dichanthelium leibergii,Dichanthelium leibergii,Panicum leibergii,Poaceae,Dichanthelium_leibergii,Dichanthelium,Poaceae/Dichanthelium/Dichanthelium_leibergii,
Dichanthelium linearifolium,Dichanthelium linearifolium,Panicum linearifolium,Poaceae,Dichanthelium_linearifolium,Dichanthelium,Poaceae/Dichanthelium/Dichanthelium_linearifolium,
Dichanthelium oligosanthes,Dichanthelium oligosanthes,Panicum oligosanthes,Poaceae,Dichanthelium_oligosanthes,Dichanthelium,Poaceae/Dichanthelium/Dichanthelium_oligosanthes,
Elymus canadensis,Elymus canadensis,Elymus canadensis,Poaceae,Elymus_canadensis,Elymus,Poaceae/Elymus/Elymus_canadensis,
Elymus hystrix,Elymus hystrix,Elymus elymoides,Poaceae,Elymus_hystrix,Elymus,Poaceae/Elymus/Elymus_hystrix,
Elymus trachycaulus,Elymus trachycaulus,Elymus trachycaulus,Poaceae,Elymus_trachycaulus,Elymus,Poaceae/Elymus/Elymus_trachycaulus,
Elymus villosus,Elymus villosus,Elymus villosus,Poaceae,Elymus_villosus,Elymus,Poaceae/Elymus/Elymus_villosus,
Elymus virginicus,Elymus virginicus,Elymus virginicus,Poaceae,Elymus_virginicus,Elymus,Poaceae/Elymus/Elymus_virginicus,
Festuca spp.,Festuca,Festuca,Poaceae,Festuca_sp,Festuca,Poaceae/Festuca/Festuca_sp,
Festuca subverticillata,Festuca subverticillata,Festuca subverticillata,Poaceae,Festuca_subverticillata,Festuca,Poaceae/Festuca/Festuca_subverticillata,
Glyceria striata,Glyceria striata,Glyceria striata,Poaceae,Glyceria_striata,Glyceria,Poaceae/Glyceria/Glyceria_striata,
Hesperostipa spartea,Hesperostipa spartea,Stipa spartea,Poaceae,Hesperostipa_spartea,Hesperostipa,Poaceae/Hesperostipa/Hesperostipa_spartea,
Koeleria macrantha,Koeleria macrantha,Koeleria macrantha,Poaceae,Koeleria_macrantha,Koeleria,Poaceae/Koeleria/Koeleria_macrantha,
Leersia virginica,Leersia virginica,Leersia virginica,Poaceae,Leersia_virginica,Leersia,Poaceae/Leersia/Leersia_virginica,
Muhlenbergia cuspidata,Muhlenbergia cuspidata,Muhlenbergia cuspidata,Poaceae,Muhlenbergia_cuspidata,Muhlenbergia,Poaceae/Muhlenbergia/Muhlenbergia_cuspidata,
Muhlenbergia frondosa,Muhlenbergia frondosa,Muhlenbergia frondosa,Poaceae,Muhlenbergia_frondosa,Muhlenbergia,Poaceae/Muhlenbergia/Muhlenbergia_frondosa,
Muhlenbergia glomerata,Muhlenbergia glomerata,Muhlenbergia glomerata,Poaceae,Muhlenbergia_glomerata,Muhlenbergia,Poaceae/Muhlenbergia/Muhlenbergia_glomerata,
Muhlenbergia mexicana,Muhlenbergia mexicana,Muhlenbergia mexicana,Poaceae,Muhlenbergia_mexicana,Muhlenbergia,Poaceae/Muhlenbergia/Muhlenbergia_mexicana,
Muhlenbergia racemosa,Muhlenbergia racemosa,Muhlenbergia racemosa,Poaceae,Muhlenbergia_racemosa,Muhlenbergia,Poaceae/Muhlenbergia/Muhlenbergia_racemosa,
Panicum virgatum,Panicum virgatum,Panicum virgatum,Poaceae,Panicum_virgatum,Panicum,Poaceae/Panicum/Panicum_virgatum,
Phalaris arundinacea,Phalaris arundinacea,Phalaris arundinacea,Poaceae,Phalaris_arundinacea,Phalaris,Poaceae/Phalaris/Phalaris_arundinacea,
Poa compressa,Poa compressa,Poa compressa,Poaceae,Poa_compressa,Poa,Poaceae/Poa/Poa_compressa,
Poa pratensis,Poa pratensis,Poa pratensis,Poaceae,Poa_pratensis,Poa,Poaceae/Poa/Poa_pratensis,
Schizachne purpurascens,Schizachne purpurascens,Schizachne purpurascens,Poaceae,Schizachne_purpurascens,Schizachne,Poaceae/Schizachne/Schizachne_purpurascens,
Schizachyrium scoparium,Schizachyrium scoparium,Schizachyrium scoparium,Poaceae,Schizachyrium_scoparium,Schizachyrium,Poaceae/Schizachyrium/Schizachyrium_scoparium,
Sorghastrum nutans,Sorghastrum nutans,Sorghastrum nutans,Poaceae,Sorghastrum_nutans,Sorghastrum,Poaceae/Sorghastrum/Sorghastrum_nutans,
Spartina pectinata,Spartina pectinata,Spartina pectinata,Poaceae,Spartina_pectinata,Spartina,Poaceae/Spartina/Spartina_pectinata,
Sporobolus cryptandrus,Sporobolus cryptandrus,Sporobolus cryptandrus,Poaceae,Sporobolus_cryptandrus,Sporobolus,Poaceae/Sporobolus/Sporobolus_cryptandrus,
Sporobolus heterolepis,Sporobolus heterolepis,Sporobolus heterolepis,Poaceae,Sporobolus_heterolepis,Sporobolus,Poaceae/Sporobolus/Sporobolus_heterolepis,
Sporobolus vaginiflorus,Sporobolus vaginiflorus,Sporobolus vaginiflorus,Poaceae,Sporobolus_vaginiflorus,Sporobolus,Poaceae/Sporobolus/Sporobolus_vaginiflorus,
Phlox pilosa,Phlox pilosa,Phlox pilosa,Polemoniaceae,Phlox_pilosa,Phlox,Polemoniaceae/Phlox/Phlox_pilosa,
Polemonium reptans,Polemonium reptans,Polemonium reptans,Polemoniaceae,Polemonium_reptans,Polemonium,Polemoniaceae/Polemonium/Polemonium_reptans,
Polygala polygama,Polygala polygama,Polygala polygama,Polygalaceae,Polygala_polygama,Polygala,Polygalaceae/Polygala/Polygala_polygama,
Polygala sanguinea,Polygala sanguinea,Polygala sanguinea,Polygalaceae,Polygala_sanguinea,Polygala,Polygalaceae/Polygala/Polygala_sanguinea,
Polygala verticillata,Polygala verticillata,Polygala verticillata,Polygalaceae,Polygala_verticillata,Polygala,Polygalaceae/Polygala/Polygala_verticillata,
Persicaria maculosa,Persicaria maculosa,Persicaria maculosa,Polygonaceae,Persicaria_maculosa,Persicaria,Polygonaceae/Persicaria/Persicaria_maculosa,
Persicaria virginiana,Persicaria virginiana,Persicaria virginiana,Polygonaceae,Persicaria_virginiana,Persicaria,Polygonaceae/Persicaria/Persicaria_virginiana,
Polygonum convolvulus,Polygonum convolvulus,Fallopia convolvulus,Polygonaceae,Polygonum_convolvulus,Polygonum,Polygonaceae/Polygonum/Polygonum_convolvulus,
Rumex acetosella,Rumex acetosella,Rumex acetosella,Polygonaceae,Rumex_acetosella,Rumex,Polygonaceae/Rumex/Rumex_acetosella,
Polypodium virginianum,Polypodium virginianum,Polypodium virginianum,Polypodiaceae,Polypodium_virginianum,Polypodium,Polypodiaceae/Polypodium/Polypodium_virginianum,
Dodecatheon meadia,Dodecatheon meadia,Dodecatheon meadia,Primulaceae,Dodecatheon_meadia,Dodecatheon,Primulaceae/Dodecatheon/Dodecatheon_meadia,
Lysimachia ciliata,Lysimachia ciliata,Lysimachia ciliata,Primulaceae,Lysimachia_ciliata,Lysimachia,Primulaceae/Lysimachia/Lysimachia_ciliata,
Lysimachia quadriflora,Lysimachia quadriflora,Lysimachia quadriflora,Primulaceae,Lysimachia_quadriflora,Lysimachia,Primulaceae/Lysimachia/Lysimachia_quadriflora,
Lysimachia quadrifolia,Lysimachia quadrifolia,Lysimachia quadrifolia,Primulaceae,Lysimachia_quadrifolia,Lysimachia,Primulaceae/Lysimachia/Lysimachia_quadrifolia,
Adiantum pedatum,Adiantum pedatum,Adiantum pedatum,Pteridaceae,Adiantum_pedatum,Adiantum,Pteridaceae/Adiantum/Adiantum_pedatum,
Pellaea atropurpurea,Pellaea atropurpurea,Pellaea atropurpurea,Pteridaceae,Pellaea_atropurpurea,Pellaea,Pteridaceae/Pellaea/Pellaea_atropurpurea,
Actaea pachypoda,Actaea pachypoda,Actaea pachypoda,Ranunculaceae,Actaea_pachypoda,Actaea,Ranunculaceae/Actaea/Actaea_pachypoda,
Actaea rubra,Actaea rubra,Actaea rubra,Ranunculaceae,Actaea_rubra,Actaea,Ranunculaceae/Actaea/Actaea_rubra,
Anemone canadensis,Anemone canadensis,Anemone canadensis,Ranunculaceae,Anemone_canadensis,Anemone,Ranunculaceae/Anemone/Anemone_canadensis,
Anemone cylindrica,Anemone cylindrica,Anemone cylindrica,Ranunculaceae,Anemone_cylindrica,Anemone,Ranunculaceae/Anemone/Anemone_cylindrica,
Anemone quinquefolia,Anemone quinquefolia,Anemone quinquefolia,Ranunculaceae,Anemone_quinquefolia,Anemone,Ranunculaceae/Anemone/Anemone_quinquefolia,
Anemone virginiana,Anemone virginiana,Anemone virginiana,Ranunculaceae,Anemone_virginiana,Anemone,Ranunculaceae/Anemone/Anemone_virginiana,
Aquilegia canadensis,Aquilegia canadensis,Aquilegia canadensis,Ranunculaceae,Aquilegia_canadensis,Aquilegia,Ranunculaceae/Aquilegia/Aquilegia_canadensis,
Cimicifuga racemosa,Cimicifuga racemosa,Actaea racemosa,Ranunculaceae,Cimicifuga_racemosa,Cimicifuga,Ranunculaceae/Cimicifuga/Cimicifuga_racemosa,
Clematis virginiana,Clematis virginiana,Clematis virginiana,Ranunculaceae,Clematis_virginiana,Clematis,Ranunculaceae/Clematis/Clematis_virginiana,woody
Hepatica nobilis,Hepatica nobilis,Hepatica nobilis,Ranunculaceae,Hepatica_nobilis,Hepatica,Ranunculaceae/Hepatica/Hepatica_nobilis,
Pulsatilla patens,Pulsatilla patens,Anemone patens,Ranunculaceae,Pulsatilla_patens,Pulsatilla,Ranunculaceae/Pulsatilla/Pulsatilla_patens,
Ranunculus abortivus,Ranunculus abortivus,Ranunculus abortivus,Ranunculaceae,Ranunculus_abortivus,Ranunculus,Ranunculaceae/Ranunculus/Ranunculus_abortivus,
Ranunculus fascicularis,Ranunculus fascicularis,Ranunculus fascicularis,Ranunculaceae,Ranunculus_fascicularis,Ranunculus,Ranunculaceae/Ranunculus/Ranunculus_fascicularis,
Ranunculus recurvatus,Ranunculus recurvatus,Ranunculus recurvatus,Ranunculaceae,Ranunculus_recurvatus,Ranunculus,Ranunculaceae/Ranunculus/Ranunculus_recurvatus,
Thalictrum dasycarpum,Thalictrum dasycarpum,Thalictrum dasycarpum,Ranunculaceae,Thalictrum_dasycarpum,Thalictrum,Ranunculaceae/Thalictrum/Thalictrum_dasycarpum,
Thalictrum dioicum,Thalictrum dioicum,Thalictrum dioicum,Ranunculaceae,Thalictrum_dioicum,Thalictrum,Ranunculaceae/Thalictrum/Thalictrum_dioicum,
Ceanothus americanus,Ceanothus americanus,Ceanothus americanus,Rhamnaceae,Ceanothus_americanus,Ceanothus,Rhamnaceae/Ceanothus/Ceanothus_americanus,
Frangula alnus,Frangula alnus,Frangula alnus,Rhamnaceae,Frangula_alnus,Frangula,Rhamnaceae/Frangula/Frangula_alnus,woody
Rhamnus cathartica,Rhamnus cathartica,Rhamnus cathartica,Rhamnaceae,Rhamnus_cathartica,Rhamnus,Rhamnaceae/Rhamnus/Rhamnus_cathartica,woody
Agrimonia gryposepala,Agrimonia gryposepala,Agrimonia gryposepala,Rosaceae,Agrimonia_gryposepala,Agrimonia,Rosaceae/Agrimonia/Agrimonia_gryposepala,
Amelanchier interior,Amelanchier interior,Amelanchier interior,Rosaceae,Amelanchier_interior,Amelanchier,Rosaceae/Amelanchier/Amelanchier_interior,woody
Amelanchier spp.,Amelanchier,Amelanchier,Rosaceae,Amelanchier_sp,Amelanchier,Rosaceae/Amelanchier/Amelanchier_sp,woody
Crataegus spp.,Crataegus,Crataegus,Rosaceae,Crataegus_sp,Crataegus,Rosaceae/Crataegus/Crataegus_sp,woody
Drymocallis arguta,Drymocallis arguta,Potentilla arguta,Rosaceae,Drymocallis_arguta,Drymocallis,Rosaceae/Drymocallis/Drymocallis_arguta,
Fragaria vesca,Fragaria vesca,Fragaria vesca,Rosaceae,Fragaria_vesca,Fragaria,Rosaceae/Fragaria/Fragaria_vesca,
Fragaria virginiana,Fragaria virginiana,Fragaria virginiana,Rosaceae,Fragaria_virginiana,Fragaria,Rosaceae/Fragaria/Fragaria_virginiana,
Geum aleppicum,Geum aleppicum,Geum aleppicum,Rosaceae,Geum_aleppicum,Geum,Rosaceae/Geum/Geum_aleppicum,
Geum canadense,Geum canadense,Geum canadense,Rosaceae,Geum_canadense,Geum,Rosaceae/Geum/Geum_canadense,
Geum triflorum,Geum triflorum,Geum triflorum,Rosaceae,Geum_triflorum,Geum,Rosaceae/Geum/Geum_triflorum,
Physocarpus opulifolius,Physocarpus opulifolius,Physocarpus opulifolius,Rosaceae,Physocarpus_opulifolius,Physocarpus,Rosaceae/Physocarpus/Physocarpus_opulifolius,
Potentilla arguta,Potentilla arguta,Potentilla arguta,Rosaceae,Potentilla_arguta,Potentilla,Rosaceae/Potentilla/Potentilla_arguta,
Potentilla canadensis,Potentilla canadensis,Potentilla canadensis,Rosaceae,Potentilla_canadensis,Potentilla,Rosaceae/Potentilla/Potentilla_canadensis,
Potentilla recta,Potentilla recta,Potentilla recta,Rosaceae,Potentilla_recta,Potentilla,Rosaceae/Potentilla/Potentilla_recta,
Potentilla simplex,Potentilla simplex,Potentilla simplex,Rosaceae,Potentilla_simplex,Potentilla,Rosaceae/Potentilla/Potentilla_simplex,
Prunus serotina,Prunus serotina,Prunus serotina,Rosaceae,Prunus_serotina,Prunus,Rosaceae/Prunus/Prunus_serotina,woody
Prunus virginiana,Prunus virginiana,Prunus virginiana,Rosaceae,Prunus_virginiana,Prunus,Rosaceae/Prunus/Prunus_virginiana,woody
Rosa arkansana,Rosa arkansana,Rosa arkansana,Rosaceae,Rosa_arkansana,Rosa,Rosaceae/Rosa/Rosa_arkansana,woody
Rosa blanda,Rosa blanda,Rosa blanda,Rosaceae,Rosa_blanda,Rosa,Rosaceae/Rosa/Rosa_blanda,woody
Rosa carolina,Rosa carolina,Rosa carolina,Rosaceae,Rosa_carolina,Rosa,Rosaceae/Rosa/Rosa_carolina,woody
Rosa multiflora,Rosa multiflora,Rosa multiflora,Rosaceae,Rosa_multiflora,Rosa,Rosaceae/Rosa/Rosa_multiflora,woody
Rosa spp.,Rosa,Rosa,Rosaceae,Rosa_sp,Rosa,Rosaceae/Rosa/Rosa_sp,woody
Rubus allegheniensis,Rubus allegheniensis,Rubus allegheniensis,Rosaceae,Rubus_allegheniensis,Rubus,Rosaceae/Rubus/Rubus_allegheniensis,woody
Rubus hispidus,Rubus hispidus,Rubus hispidus,Rosaceae,Rubus_hispidus,Rubus,Rosaceae/Rubus/Rubus_hispidus,woody
Rubus idaeus,Rubus idaeus,Rubus idaeus,Rosaceae,Rubus_idaeus,Rubus,Rosaceae/Rubus/Rubus_idaeus,woody
Rubus occidentalis,Rubus occidentalis,Rubus occidentalis,Rosaceae,Rubus_occidentalis,Rubus,Rosaceae/Rubus/Rubus_occidentalis,woody
Rubus pubescens,Rubus pubescens,Rubus pubescens,Rosaceae,Rubus_pubescens,Rubus,Rosaceae/Rubus/Rubus_pubescens,woody
Galium boreale,Galium boreale,Galium boreale,Rubiaceae,Galium_boreale,Galium,Rubiaceae/Galium/Galium_boreale,
Galium circaezans,Galium circaezans,Galium circaezans,Rubiaceae,Galium_circaezans,Galium,Rubiaceae/Galium/Galium_circaezans,
Galium concinnum,Galium concinnum,Galium concinnum,Rubiaceae,Galium_concinnum,Galium,Rubiaceae/Galium/Galium_concinnum,
Galium trifidum,Galium trifidum,Galium trifidum,Rubiaceae,Galium_trifidum,Galium,Rubiaceae/Galium/Galium_trifidum,
Zanthoxylum americanum,Zanthoxylum americanum,Zanthoxylum americanum,Rutaceae,Zanthoxylum_americanum,Zanthoxylum,Rutaceae/Zanthoxylum/Zanthoxylum_americanum,woody
Populus grandidentata,Populus grandidentata,Populus grandidentata,Salicaceae,Populus_grandidentata,Populus,Salicaceae/Populus/Populus_grandidentata,woody
Populus tremuloides,Populus tremuloides,Populus tremuloides,Salicaceae,Populus_tremuloides,Populus,Salicaceae/Populus/Populus_tremuloides,woody
Salix spp.,Salix,Salix,Salicaceae,Salix_sp,Salix,Salicaceae/Salix/Salix_sp,woody
Comandra umbellata,Comandra umbellata,Comandra umbellata,Santalaceae,Comandra_umbellata,Comandra,Santalaceae/Comandra/Comandra_umbellata,
Acer negundo,Acer negundo,Acer negundo,Sapindaceae,Acer_negundo,Acer,Sapindaceae/Acer/Acer_negundo,woody
Acer rubrum,Acer rubrum,Acer rubrum,Sapindaceae,Acer_rubrum,Acer,Sapindaceae/Acer/Acer_rubrum,woody
Acer saccharum,Acer saccharum,Acer saccharum,Sapindaceae,Acer_saccharum,Acer,Sapindaceae/Acer/Acer_saccharum,woody
Heuchera richardsonii,Heuchera richardsonii,Heuchera richardsonii,Saxifragaceae,Heuchera_richardsonii,Heuchera,Saxifragaceae/Heuchera/Heuchera_richardsonii,
Mircranthes pensylvanica,Micranthes pensylvanica,Micranthes pensylvanica,Saxifragaceae,Mircranthes_pensylvanica,Mircranthes,Saxifragaceae/Mircranthes/Mircranthes_pensylvanica,
Scrophularia lanceolata,Scrophularia lanceolata,Scrophularia lanceolata,Scrophulariaceae,Scrophularia_lanceolata,Scrophularia,Scrophulariaceae/Scrophularia/Scrophularia_lanceolata,
Scrophularia marilandica,Scrophularia marilandica,Scrophularia marilandica,Scrophulariaceae,Scrophularia_marilandica,Scrophularia,Scrophulariaceae/Scrophularia/Scrophularia_marilandica,
Selaginella rupestris,Selaginella rupestris,Selaginella sellowii,Selaginellaceae,Selaginella_rupestris,Selaginella,Selaginellaceae/Selaginella/Selaginella_rupestris,
Smilax ecirrhata,Smilax ecirrhata,Smilax ecirrhata,Smilacaceae,Smilax_ecirrhata,Smilax,Smilacaceae/Smilax/Smilax_ecirrhata,
Smilax herbacea,Smilax herbacea,Smilax herbacea,Smilacaceae,Smilax_herbacea,Smilax,Smilacaceae/Smilax/Smilax_herbacea,
Smilax lasioneura,Smilax lasioneura,Smilax lasioneura,Smilacaceae,Smilax_lasioneura,Smilax,Smilacaceae/Smilax/Smilax_lasioneura,
Physalis heterophylla,Physalis heterophylla,Physalis heterophylla,Solanaceae,Physalis_heterophylla,Physalis,Solanaceae/Physalis/Physalis_heterophylla,
Physalis virginiana,Physalis virginiana,Physalis virginiana,Solanaceae,Physalis_virginiana,Physalis,Solanaceae/Physalis/Physalis_virginiana,
Solanum dulcamara,Solanum dulcamara,Solanum dulcamara,Solanaceae,Solanum_dulcamara,Solanum,Solanaceae/Solanum/Solanum_dulcamara,
Ulmus americana,Ulmus americana,Ulmus americana,Ulmaceae,Ulmus_americana,Ulmus,Ulmaceae/Ulmus/Ulmus_americana,woody
Ulmus rubra,Ulmus rubra,Ulmus rubra,Ulmaceae,Ulmus_rubra,Ulmus,Ulmaceae/Ulmus/Ulmus_rubra,woody
Laportea canadensis,Laportea canadensis,Laportea canadensis,Urticaceae,Laportea_canadensis,Laportea,Urticaceae/Laportea/Laportea_canadensis,
Parietaria pensylvanica,Parietaria pensylvanica,Parietaria pensylvanica,Urticaceae,Parietaria_pensylvanica,Parietaria,Urticaceae/Parietaria/Parietaria_pensylvanica,
Pilea pumila,Pilea pumila,Pilea pumila,Urticaceae,Pilea_pumila,Pilea,Urticaceae/Pilea/Pilea_pumila,
Urtica dioica,Urtica dioica,Urtica dioica,Urticaceae,Urtica_dioica,Urtica,Urticaceae/Urtica/Urtica_dioica,
Verbena hastata,Verbena hastata,Verbena hastata,Verbenaceae,Verbena_hastata,Verbena,Verbenaceae/Verbena/Verbena_hastata,
Verbena stricta,Verbena stricta,Verbena stricta,Verbenaceae,Verbena_stricta,Verbena,Verbenaceae/Verbena/Verbena_stricta,
Verbena urticifolia,Verbena urticifolia,Verbena urticifolia,Verbenaceae,Verbena_urticifolia,Verbena,Verbenaceae/Verbena/Verbena_urticifolia,
Viola cucullata,Viola cucullata,Viola obliqua,Violaceae,Viola_cucullata,Viola,Violaceae/Viola/Viola_cucullata,
Viola pedata,Viola pedata,Viola pedata,Violaceae,Viola_pedata,Viola,Violaceae/Viola/Viola_pedata,
Viola pubescens,Viola pubescens,Viola pubescens,Violaceae,Viola_pubescens,Viola,Violaceae/Viola/Viola_pubescens,
Viola sagittata,Viola sagittata,Viola sagittata,Violaceae,Viola_sagittata,Viola,Violaceae/Viola/Viola_sagittata,
Viola sororia,Viola sororia,Viola sororia,Violaceae,Viola_sororia,Viola,Violaceae/Viola/Viola_sororia,
Viola spp.,Viola,Viola,Violaceae,Viola_sp,Viola,Violaceae/Viola/Viola_sp,
Parthenocissus quinquefolia,Parthenocissus quinquefolia,Parthenocissus quinquefolia,Vitaceae,Parthenocissus_quinquefolia,Parthenocissus,Vitaceae/Parthenocissus/Parthenocissus_quinquefolia,woody
Vitis riparia,Vitis riparia,Vitis vulpina,Vitaceae,Vitis_riparia,Vitis,Vitaceae/Vitis/Vitis_riparia,woody
Athyrium filix-femina,Athyrium filix-femina,Athyrium filix-femina,Woodsiaceae,Athyrium_filix-femina,Athyrium,Woodsiaceae/Athyrium/Athyrium_filix-femina,
Woodsia ilvensis,Woodsia ilvensis,Woodsia ilvensis,Woodsiaceae,Woodsia_ilvensis,Woodsia,Woodsiaceae/Woodsia/Woodsia_ilvensis,
